Verse Exchange:USDC/WETH,0x6e1fbeeaba87bae1100d95f8340dc27ad7c8427b,USDC/WETH,USDC,6,0xa0b86991c6218b36c1d19d4a2e9eb0ce3606eb48,WETH,18,0xc02aaa39b223fe8d0a0e5c4f27ead9083c756cc2
SwipeSwap LP Token:WETH/USDT,0x6e7ae922140efed0c7dbc9066b50b9f933fd755a,WETH/USDT,WETH,18,0xc02aaa39b223fe8d0a0e5c4f27ead9083c756cc2,USDT,6,0xdac17f958d2ee523a2206206994597c13d831ec7
KyberDMM LP WETH-USDT,0xce9874c42dce7fffbe5e48b026ff1182733266cb,WETH/USDT,WETH,18,0xc02aaa39b223fe8d0a0e5c4f27ead9083c756cc2,USDT,6,0xdac17f958d2ee523a2206206994597c13d831ec7
UniswapV3 LP,0x34b8487fc2912c486b04d1436b07f19f7730cd43,WETH/POLK,WETH,18,0xc02aaa39b223fe8d0a0e5c4f27ead9083c756cc2,POLK,18,0xd478161c952357f05f0292b56012cd8457f1cfbf
ShibaSwap LP Token,0x42bf7367d96afeeecdb6209c8a6573ce6d55b511,WETH/AMP,WETH,18,0xc02aaa39b223fe8d0a0e5c4f27ead9083c756cc2,AMP,18,0xff20817765cb7f73d4bde2e66e067e58d11095c2
Balancer Pool Token,0x9dde0b1d39d0d2c6589cde1bfed3542d2a3c5b11,BAL/WETH,BAL,18,0xba100000625a3754423978a60c9317c58a424e3d,WETH,18,0xc02aaa39b223fe8d0a0e5c4f27ead9083c756cc2
Uniswap V2,0xf49c43ae0faf37217bdcb00df478cf793edd6687,WETH/KNC,WETH,18,0xc02aaa39b223fe8d0a0e5c4f27ead9083c756cc2,KNC,18,0xdd974d5c2e2928dea5f71b9825b8b646686bd200
UniswapV3 LP,0x6ad1a683e09843c32d0092400613d6a590f3a949,WETH/rUSD,WETH,18,0xc02aaa39b223fe8d0a0e5c4f27ead9083c756cc2,rUSD,18,0xf9a2d7e60a3297e513317ad1d7ce101cc4c6c8f6
Safeswap LPs:SHINJA/WETH,0x27acdc7b04da377128f603893a4cb8b820415b32,SHINJA/WETH,SHINJA,9,0xab167e816e4d76089119900e941befdfa37d6b32,WETH,18,0xc02aaa39b223fe8d0a0e5c4f27ead9083c756cc2
Uniswap V2,0x63b61e73d3fa1fb96d51ce457cabe89fffa7a1f1,SHINJA/WETH,SHINJA,9,0xab167e816e4d76089119900e941befdfa37d6b32,WETH,18,0xc02aaa39b223fe8d0a0e5c4f27ead9083c756cc2
Uniswap V2,0xc05371628f77cd274d111ec9621b5d85f5945da2,Ly/WETH,Ly,9,0x8686525d6627a25c68de82c228448f43c97999f2,WETH,18,0xc02aaa39b223fe8d0a0e5c4f27ead9083c756cc2
UniswapV3 LP,0xf1b63cd9d80f922514c04b0fd0a30373316dd75b,OHM/WETH,OHM,9,0x383518188c0c6d7730d91b2c03a03c837814a899,WETH,18,0xc02aaa39b223fe8d0a0e5c4f27ead9083c756cc2
Balancer Pool Token,0xc351648240e9fc9213e8b6016e566f95c5fa7909,WETH/REPv2,WETH,18,0xc02aaa39b223fe8d0a0e5c4f27ead9083c756cc2,REPv2,18,0x221657776846890989a759ba2973e427dff5c9bb
ShibaSwap LP Token,0x7a019e9f33af312b5e5c6b065fbc733ccaa09f39,UFO/WETH,UFO,18,0x249e38ea4102d0cf8264d3701f1a0e39c4f2dc3b,WETH,18,0xc02aaa39b223fe8d0a0e5c4f27ead9083c756cc2
KyberDMM LP SIPHER-WETH,0x9a56f30ff04884cb06da80cb3aef09c6132f5e77,SIPHER/WETH,SIPHER,18,0x9f52c8ecbee10e00d9faaac5ee9ba0ff6550f511,WETH,18,0xc02aaa39b223fe8d0a0e5c4f27ead9083c756cc2
Uniswap V2,0xf3fdcfbfdb96315fc628854627bdd5e363b3ade4,SIPHER/WETH,SIPHER,18,0x9f52c8ecbee10e00d9faaac5ee9ba0ff6550f511,WETH,18,0xc02aaa39b223fe8d0a0e5c4f27ead9083c756cc2
Uniswap V2,0xe94272661fd46362e5dd247221e0fc018a298d09,STND/WETH,STND,18,0x9040e237c3bf18347bb00957dc22167d0f2b999d,WETH,18,0xc02aaa39b223fe8d0a0e5c4f27ead9083c756cc2
Uniswap V2,0x6d57a53a45343187905aad6ad8ed532d105697c1,RLC/WETH,RLC,9,0x607f4c5bb672230e8672085532f7e901544a7375,WETH,18,0xc02aaa39b223fe8d0a0e5c4f27ead9083c756cc2
UniswapV3 LP,0x76838fd2f22bdc1d3e96069971e65653173edb2a,WETH/KNC,WETH,18,0xc02aaa39b223fe8d0a0e5c4f27ead9083c756cc2,KNC,18,0xdd974d5c2e2928dea5f71b9825b8b646686bd200
Uniswap V2,0x4f9fcdae3950a033074b93e269b6c382109fae71,DRGN/WETH,DRGN,18,0x419c4db4b9e25d6db2ad9691ccb832c8d9fda05e,WETH,18,0xc02aaa39b223fe8d0a0e5c4f27ead9083c756cc2
UniswapV3 LP,0x84ae4aa9581e6b7f50f660c5b6970aef1ed82be8,PPAY/WETH,PPAY,18,0x054d64b73d3d8a21af3d764efd76bcaa774f3bb2,WETH,18,0xc02aaa39b223fe8d0a0e5c4f27ead9083c756cc2
Uniswap V2,0xe6c804ff4ec692e6808c0d032cdbc03772fc4d42,renZEC/WETH,renZEC,8,0x1c5db575e2ff833e46a2e9864c22f4b22e0b37c2,WETH,18,0xc02aaa39b223fe8d0a0e5c4f27ead9083c756cc2
UniswapV3 LP,0x95aaee48c5a7f949372c80af8baaf4834bda67e3,renZEC/WETH,renZEC,8,0x1c5db575e2ff833e46a2e9864c22f4b22e0b37c2,WETH,18,0xc02aaa39b223fe8d0a0e5c4f27ead9083c756cc2
SummaSwap LP Token:WETH/USDT,0x498e9f240158c11e822c983938d1a093a81e0e3c,WETH/USDT,WETH,18,0xc02aaa39b223fe8d0a0e5c4f27ead9083c756cc2,USDT,6,0xdac17f958d2ee523a2206206994597c13d831ec7
UniswapV3 LP,0x691c9c0b050c2c3d46dad37b1b4c3666f13ecfce,JPYC/WETH,JPYC,18,0x2370f9d504c7a6e775bf6e14b3f12846b594cd53,WETH,18,0xc02aaa39b223fe8d0a0e5c4f27ead9083c756cc2
Uniswap V2,0xd3772a963790fede65646cfdae08734a17cd0f47,ADX/WETH,ADX,18,0xade00c28244d5ce17d72e40330b1c318cd12b7c3,WETH,18,0xc02aaa39b223fe8d0a0e5c4f27ead9083c756cc2
Uniswap V2,0xc2f02caa6bcac59944912a1446365c4d9c16cc97,WETH/MTO,WETH,18,0xc02aaa39b223fe8d0a0e5c4f27ead9083c756cc2,MTO,18,0xe66b3aa360bb78468c00bebe163630269db3324f
Balancer Pool Token,0x05f661a1bd2da5e59c8e06b92acdcde2706110e5,WETH/PTF,WETH,18,0xc02aaa39b223fe8d0a0e5c4f27ead9083c756cc2,PTF,18,0xc57d533c50bc22247d49a368880fb49a1caa39f7
Uniswap V2,0x9a632cd9cb44f9383bf6f3117056c2455b30a6e0,DENT/WETH,DENT,8,0x3597bfd533a99c9aa083587b074434e61eb0a258,WETH,18,0xc02aaa39b223fe8d0a0e5c4f27ead9083c756cc2
SushiSwap LP Token,0x1035487ca79068f6617ae75ed3c844ce2d8a0c2a,SHOPX/WETH,SHOPX,18,0x7bef710a5759d197ec0bf621c3df802c2d60d848,WETH,18,0xc02aaa39b223fe8d0a0e5c4f27ead9083c756cc2
UniswapV3 LP,0x43a4fbb71025fa2c3073a58fee6de69da33b3aa8,XRT/WETH,XRT,9,0x7de91b204c1c737bcee6f000aaa6569cf7061cb7,WETH,18,0xc02aaa39b223fe8d0a0e5c4f27ead9083c756cc2
Balancer Pool Token,0xfae2809935233d4bfe8a56c2355c4a2e7d1fff1a,WETH/DOUGH,WETH,18,0xc02aaa39b223fe8d0a0e5c4f27ead9083c756cc2,DOUGH,18,0xad32a8e6220741182940c5abf610bde99e737b2d
UniswapV3 LP,0xa83326d20b7003bcecf1f4684a2fbb56161e2a8e,XTK/WETH,XTK,18,0x7f3edcdd180dbe4819bd98fee8929b5cedb3adeb,WETH,18,0xc02aaa39b223fe8d0a0e5c4f27ead9083c756cc2
Uniswap V2,0x06ad23978f67ae8cc76c54b74993b31a816bac2b,WETH/CONV,WETH,18,0xc02aaa39b223fe8d0a0e5c4f27ead9083c756cc2,CONV,18,0xc834fa996fa3bec7aad3693af486ae53d8aa8b50
UniswapV3 LP,0x60a6b23a7a87c5ce9e3f81c869691f784b18a704,WETH/MTO,WETH,18,0xc02aaa39b223fe8d0a0e5c4f27ead9083c756cc2,MTO,18,0xe66b3aa360bb78468c00bebe163630269db3324f
UniswapV3 LP,0xba965e77582566967d0edebe2b590e4ed8306095,STAKE/WETH,STAKE,18,0x0ae055097c6d159879521c384f1d2123d1f195e6,WETH,18,0xc02aaa39b223fe8d0a0e5c4f27ead9083c756cc2
Uniswap V2,0xd07d430db20d2d7e0c4c11759256adbcc355b20c,ICHI/WETH,ICHI,9,0x903bef1736cddf2a537176cf3c64579c3867a881,WETH,18,0xc02aaa39b223fe8d0a0e5c4f27ead9083c756cc2
Uniswap V2,0xa70d458a4d9bc0e6571565faee18a48da5c0d593,BAL/WETH,BAL,18,0xba100000625a3754423978a60c9317c58a424e3d,WETH,18,0xc02aaa39b223fe8d0a0e5c4f27ead9083c756cc2
Uniswap V2,0x9eb369241e4270796e665ea1afac355cb99f0c32,WETH/rUSD,WETH,18,0xc02aaa39b223fe8d0a0e5c4f27ead9083c756cc2,rUSD,18,0xf9a2d7e60a3297e513317ad1d7ce101cc4c6c8f6
UniswapV3 LP,0x73a6a761fe483ba19debb8f56ac5bbf14c0cdad1,SUSHI/WETH,SUSHI,18,0x6b3595068778dd592e39a122f4f5a5cf09c90fe2,WETH,18,0xc02aaa39b223fe8d0a0e5c4f27ead9083c756cc2
LuaSwap LP Token V1:LUA/WETH,0x65fabaf7e6c5380243e063d8559d84e589db6438,LUA/WETH,LUA,18,0xb1f66997a5760428d3a87d68b90bfe0ae64121cc,WETH,18,0xc02aaa39b223fe8d0a0e5c4f27ead9083c756cc2
Uniswap V2:WETH/CQT,0xb69e5dba743e98782132bfbc407d0d61415733bd,WETH/CQT,WETH,18,0xc02aaa39b223fe8d0a0e5c4f27ead9083c756cc2,CQT,18,0xd417144312dbf50465b1c641d016962017ef6240
UniswapV3 LP,0x8b6ed5fa776f10787f1171bdeea4f3c40974df6e,DENT/WETH,DENT,8,0x3597bfd533a99c9aa083587b074434e61eb0a258,WETH,18,0xc02aaa39b223fe8d0a0e5c4f27ead9083c756cc2
UniswapV3 LP,0x840e555682cf5aa128fb3de7a82dd05a88439b3b,MRI/WETH,MRI,18,0x0913ddae242839f8995c0375493f9a1a3bddc977,WETH,18,0xc02aaa39b223fe8d0a0e5c4f27ead9083c756cc2
SakeSwap LP Token:LINK/WETH,0xca3d6a94759cb675f0ac10a76fc0da6ee6bf6e7b,LINK/WETH,LINK,18,0x514910771af9ca656af840dff83e8264ecf986ca,WETH,18,0xc02aaa39b223fe8d0a0e5c4f27ead9083c756cc2
SushiSwap LP Token,0x6663bbd987a51d07b29b28afe9e0ddd558ac8f30,WETH/CQT,WETH,18,0xc02aaa39b223fe8d0a0e5c4f27ead9083c756cc2,CQT,18,0xd417144312dbf50465b1c641d016962017ef6240
Uniswap V2,0xb3f39c3108cd45e1112d8bc9ae3cd5a110a7cebd,FREE/WETH,FREE,18,0x2f141ce366a2462f02cea3d12cf93e4dca49e4fd,WETH,18,0xc02aaa39b223fe8d0a0e5c4f27ead9083c756cc2
SushiSwap LP Token,0x1976bf5cc90bac01e3ae21a6e5971a393638bcfa,SATA/WETH,SATA,18,0x3ebb4a4e91ad83be51f8d596533818b246f4bee1,WETH,18,0xc02aaa39b223fe8d0a0e5c4f27ead9083c756cc2
UniswapV3 LP,0x05a9716cd1c08361252ebd7c8c88c3b26c5ab73f,API3/WETH,API3,18,0x0b38210ea11411557c13457d4da7dc6ea731b88a,WETH,18,0xc02aaa39b223fe8d0a0e5c4f27ead9083c756cc2
Balancer Pool Token,0x4833e8b56fc8e8a777fcc5e37cb6035c504c9478,WETH/AXIAv3,WETH,18,0xc02aaa39b223fe8d0a0e5c4f27ead9083c756cc2,AXIAv3,18,0x793786e2dd4cc492ed366a94b88a3ff9ba5e7546
SushiSwap LP Token,0x9cbc2a6ab3f10edf7d71c9cf3b6bdb7ee5629550,ADX/WETH,ADX,18,0xade00c28244d5ce17d72e40330b1c318cd12b7c3,WETH,18,0xc02aaa39b223fe8d0a0e5c4f27ead9083c756cc2
Uniswap V2,0x2084c8115d97a12114a70a27198c3591b6df7d3e,WETH/MFT,WETH,18,0xc02aaa39b223fe8d0a0e5c4f27ead9083c756cc2,MFT,18,0xdf2c7238198ad8b389666574f2d8bc411a4b7428
SushiSwap LP Token,0x43ddaa598f84c5c71388763f851dfc4c7e9dec84,WETH/QUIDD,WETH,18,0xc02aaa39b223fe8d0a0e5c4f27ead9083c756cc2,QUIDD,18,0xda9fdab21bc4a5811134a6e0ba6ca06624e67c07
UniswapV3 LP,0x02d436dc483f445f63aac45b37db0ee661949842,UniFi/WETH,UniFi,18,0x9e78b8274e1d6a76a0dbbf90418894df27cbceb5,WETH,18,0xc02aaa39b223fe8d0a0e5c4f27ead9083c756cc2
D502Swap LP Token:WETH/USDT,0xc06eadbf9cac111380026c8e531f2af9047696e8,WETH/USDT,WETH,18,0xc02aaa39b223fe8d0a0e5c4f27ead9083c756cc2,USDT,6,0xdac17f958d2ee523a2206206994597c13d831ec7
Equalizer LP Token:WETH/USDT,0x92b01d1dda5224cc290f0c3ae356c2096e0c1c0e,WETH/USDT,WETH,18,0xc02aaa39b223fe8d0a0e5c4f27ead9083c756cc2,USDT,6,0xdac17f958d2ee523a2206206994597c13d831ec7
Uniswap V2,0x2fba756c64d4f9dbb17f1b3a1afb5f05af7f18c0,XTK/WETH,XTK,18,0x7f3edcdd180dbe4819bd98fee8929b5cedb3adeb,WETH,18,0xc02aaa39b223fe8d0a0e5c4f27ead9083c756cc2
UniswapV3 LP,0x18adbc0144059be823a5d0de1d6445002f858eb5,WETH/BOSON,WETH,18,0xc02aaa39b223fe8d0a0e5c4f27ead9083c756cc2,BOSON,18,0xc477d038d5420c6a9e0b031712f61c5120090de9
SushiSwap LP Token,0x17a2194d55f52fd0c711e0e42b41975494bb109b,ARMOR/WETH,ARMOR,18,0x1337def16f9b486faed0293eb623dc8395dfe46a,WETH,18,0xc02aaa39b223fe8d0a0e5c4f27ead9083c756cc2
Uniswap V2,0x75201d546585ed4190bb5c7f0ae4f48dfe1b0c62,CELR/WETH,CELR,18,0x4f9254c83eb525f9fcf346490bbb3ed28a81c667,WETH,18,0xc02aaa39b223fe8d0a0e5c4f27ead9083c756cc2
Uniswap V2,0xb1562400feaa849c363127bb847693cca05c1080,FOUR/WETH,FOUR,18,0x4730fb1463a6f1f44aeb45f6c5c422427f37f4d0,WETH,18,0xc02aaa39b223fe8d0a0e5c4f27ead9083c756cc2
Plasmaswap:PPAY/WETH,0xb94ae53bf308e89f98aae07cccb38d0a042e873b,PPAY/WETH,PPAY,18,0x054d64b73d3d8a21af3d764efd76bcaa774f3bb2,WETH,18,0xc02aaa39b223fe8d0a0e5c4f27ead9083c756cc2
Uniswap V3:WETH/CAW,0xc0fbed3cbbf272e0649ddfefdec99f4eba7eca22,WETH/CAW,WETH,18,0xc02aaa39b223fe8d0a0e5c4f27ead9083c756cc2,CAW,18,0xf3b9569f82b18aef890de263b84189bd33ebe452
UniswapV3 LP,0x13dc0a39dc00f394e030b97b0b569dedbe634c0d,ANKR/WETH,ANKR,18,0x8290333cef9e6d528dd5618fb97a76f268f3edd4,WETH,18,0xc02aaa39b223fe8d0a0e5c4f27ead9083c756cc2
UniswapV3 LP,0x256bd88baf707eaad1b73dc8b2b8a5d599b45584,BOBA/WETH,BOBA,18,0x42bbfa2e77757c645eeaad1655e0911a7553efbc,WETH,18,0xc02aaa39b223fe8d0a0e5c4f27ead9083c756cc2
ShibaSwap LP Token:KLEE/WETH,0xa0d52b957420b366176cc6862db5b7973f9a45d2,KLEE/WETH,KLEE,9,0xa67e9f021b9d208f7e3365b2a155e3c55b27de71,WETH,18,0xc02aaa39b223fe8d0a0e5c4f27ead9083c756cc2
Uniswap V2,0xed267fff4f8301626ace52756d350a63153a36c6,MOVE/WETH,MOVE,18,0x3fa729b4548becbad4eab6ef18413470e6d5324c,WETH,18,0xc02aaa39b223fe8d0a0e5c4f27ead9083c756cc2
Uniswap V2,0x05f04f112a286c4c551897fb19ed2300272656c8,WETH/POLK,WETH,18,0xc02aaa39b223fe8d0a0e5c4f27ead9083c756cc2,POLK,18,0xd478161c952357f05f0292b56012cd8457f1cfbf
Uniswap V2,0x92ffe72ee8a6a3df28d18d6ca01a8e17adf608f0,RYOSHI/WETH,RYOSHI,18,0x777e2ae845272a2f540ebf6a3d03734a5a8f618e,WETH,18,0xc02aaa39b223fe8d0a0e5c4f27ead9083c756cc2
DODO DVM: WETH/KONO,0x39eb9c3ca4ea5c9c54797cb1796e8dd4df3d9d7e,WETH/KONO,WETH,18,0xc02aaa39b223fe8d0a0e5c4f27ead9083c756cc2,KONO,18,0x850aab69f0e0171a9a49db8be3e71351c8247df4
SushiSwap LP Token,0x65f550d18cac8e19a97e73108618b443bf301d20,BONDLY/WETH,BONDLY,18,0x91dfbee3965baaee32784c2d546b7a0c62f268c9,WETH,18,0xc02aaa39b223fe8d0a0e5c4f27ead9083c756cc2
UniswapV3 LP,0x58170dceef6d837616e836250a0913c1c88265ea,WETH/MEDIA,WETH,18,0xc02aaa39b223fe8d0a0e5c4f27ead9083c756cc2,MEDIA,6,0xdb726152680ece3c9291f1016f1d36f3995f6941
Uniswap V2,0x7ce01885a13c652241ae02ea7369ee8d466802eb,WETH/TRIBE,WETH,18,0xc02aaa39b223fe8d0a0e5c4f27ead9083c756cc2,TRIBE,18,0xc7283b66eb1eb5fb86327f08e1b5816b0720212b
SushiSwap LP Token,0xde6f3577a3a5cef1a3dfcd4a475dbb98ad6d24f3,WETH/MEDIA,WETH,18,0xc02aaa39b223fe8d0a0e5c4f27ead9083c756cc2,MEDIA,6,0xdb726152680ece3c9291f1016f1d36f3995f6941
UniswapV3 LP,0xaff1025438da93bd86427f2f9f7d06088f720a8d,CELR/WETH,CELR,18,0x4f9254c83eb525f9fcf346490bbb3ed28a81c667,WETH,18,0xc02aaa39b223fe8d0a0e5c4f27ead9083c756cc2
Uniswap V2,0x5ed7eb576adea05766f950a495393c44af815aeb,WETH/HVN,WETH,18,0xc02aaa39b223fe8d0a0e5c4f27ead9083c756cc2,HVN,8,0xc0eb85285d83217cd7c891702bcbc0fc401e2d9d
UniswapV3 LP,0x2b1b8052eed6467967d047b58b71f8e9ffa057b5,CIV/WETH,CIV,18,0x37fe0f067fa808ffbdd12891c0858532cfe7361d,WETH,18,0xc02aaa39b223fe8d0a0e5c4f27ead9083c756cc2
UniswapV3 LP,0xc1cd3d0913f4633b43fcddbcd7342bc9b71c676f,INST/WETH,INST,18,0x6f40d4a6237c257fff2db00fa0510deeecd303eb,WETH,18,0xc02aaa39b223fe8d0a0e5c4f27ead9083c756cc2
UniswapV3 LP,0xcba27c8e7115b4eb50aa14999bc0866674a96ecb,INST/WETH,INST,18,0x6f40d4a6237c257fff2db00fa0510deeecd303eb,WETH,18,0xc02aaa39b223fe8d0a0e5c4f27ead9083c756cc2
SushiSwap LP Token,0xc96f20099d96b37d7ede66ff9e4de59b9b1065b1,DOG/WETH,DOG,18,0xbaac2b4491727d78d2b78815144570b9f2fe8899,WETH,18,0xc02aaa39b223fe8d0a0e5c4f27ead9083c756cc2
DelioSwap V2:USDC/WETH,0x07414ebdb97460b1ef24214804a22bf86db9faae,USDC/WETH,USDC,6,0xa0b86991c6218b36c1d19d4a2e9eb0ce3606eb48,WETH,18,0xc02aaa39b223fe8d0a0e5c4f27ead9083c756cc2
ShibaSwap LP Token,0xb367391ca6a80f9faf1d60cc2b2d49fde76cf573,WETH/CULT,WETH,18,0xc02aaa39b223fe8d0a0e5c4f27ead9083c756cc2,CULT,18,0xf0f9d895aca5c8678f706fb8216fa22957685a13
Safeswap LPs,0x500e49536b5be1d1ead8d0a16c51495f1bb11b3c,WETH/USDT,WETH,18,0xc02aaa39b223fe8d0a0e5c4f27ead9083c756cc2,USDT,6,0xdac17f958d2ee523a2206206994597c13d831ec7
UniswapV3 LP,0xaf1291730f716e13791d3bd837c7c31111a01778,QUICK/WETH,QUICK,18,0x6c28aef8977c9b773996d0e8376d2ee379446f2f,WETH,18,0xc02aaa39b223fe8d0a0e5c4f27ead9083c756cc2
UniswapV3 LP,0xb055103b7633b61518cd806d95beeb2d4cd217e7,REPv2/WETH,REPv2,18,0x221657776846890989a759ba2973e427dff5c9bb,WETH,18,0xc02aaa39b223fe8d0a0e5c4f27ead9083c756cc2
Uniswap V3:WETH/BITS,0x64642bd27eb83426da668143d704db5ad9fbd447,WETH/BITS,WETH,18,0xc02aaa39b223fe8d0a0e5c4f27ead9083c756cc2,BITS,18,0xcbc6922bb75e55d7ca5dabcf0ea2d7787fd023f6
Balancer Pool Token,0x221bf20c2ad9e5d7ec8a9d1991d8e2edcfcb9d6c,WBTC/WETH,WBTC,8,0x2260fac5e5542a773aa44fbcfedf7c193bc2c599,WETH,18,0xc02aaa39b223fe8d0a0e5c4f27ead9083c756cc2
SushiSwap LP Token,0xf85c41e7b555621508e62e2920e1b38a8db325aa,WETH/HVN,WETH,18,0xc02aaa39b223fe8d0a0e5c4f27ead9083c756cc2,HVN,8,0xc0eb85285d83217cd7c891702bcbc0fc401e2d9d
Uniswap V2,0x48e313460dd00100e22230e56e0a87b394066844,WETH/OMG,WETH,18,0xc02aaa39b223fe8d0a0e5c4f27ead9083c756cc2,OMG,18,0xd26114cd6ee289accf82350c8d8487fedb8a0c07
ShibaSwap LP Token:Ly/WETH,0x6a8033e3c64cf50fb02d26d6feddc0db572a493a,Ly/WETH,Ly,9,0x8686525d6627a25c68de82c228448f43c97999f2,WETH,18,0xc02aaa39b223fe8d0a0e5c4f27ead9083c756cc2
Uniswap V2,0xaae64809138f576b0b50f1d898dd99055327c2d3,MRI/WETH,MRI,18,0x0913ddae242839f8995c0375493f9a1a3bddc977,WETH,18,0xc02aaa39b223fe8d0a0e5c4f27ead9083c756cc2
SushiSwap LP Token,0x62ccb80f72cc5c975c5bc7fb4433d3c336ce5ceb,WETH/SUPER,WETH,18,0xc02aaa39b223fe8d0a0e5c4f27ead9083c756cc2,SUPER,18,0xe53ec727dbdeb9e2d5456c3be40cff031ab40a55
Uniswap V2,0x4c581f07cc836e62800b3c05d1ccd6d115c916e5,WETH/dogep,WETH,18,0xc02aaa39b223fe8d0a0e5c4f27ead9083c756cc2,dogep,18,0xe7eaec9bca79d537539c00c58ae93117fb7280b9
SushiSwap LP Token,0x9d0beec8d63ef6484686d1f8470be62a210b7dbd,WETH/dogep,WETH,18,0xc02aaa39b223fe8d0a0e5c4f27ead9083c756cc2,dogep,18,0xe7eaec9bca79d537539c00c58ae93117fb7280b9
SushiSwap LP Token,0x577959c519c24ee6add28ad96d3531bc6878ba34,POOL/WETH,POOL,18,0x0cec1a9154ff802e7934fc916ed7ca50bde6844e,WETH,18,0xc02aaa39b223fe8d0a0e5c4f27ead9083c756cc2
SushiSwap LP Token,0x1241f4a348162d99379a23e73926cf0bfcbf131e,ANKR/WETH,ANKR,18,0x8290333cef9e6d528dd5618fb97a76f268f3edd4,WETH,18,0xc02aaa39b223fe8d0a0e5c4f27ead9083c756cc2
UniswapV3 LP,0x3589697f57218bd57290ac18ae1c11b269ad964a,LRC/WETH,LRC,18,0xbbbbca6a901c926f240b89eacb641d8aec7aeafd,WETH,18,0xc02aaa39b223fe8d0a0e5c4f27ead9083c756cc2
Uniswap V2,0xf660809b6d2d34cc43f620a9b22a40895365a5f8,DYDX/WETH,DYDX,18,0x92d6c1e31e14520e676a687f0a93788b716beff5,WETH,18,0xc02aaa39b223fe8d0a0e5c4f27ead9083c756cc2
Uniswap V2,0xa2b04f8133fc25887a436812eae384e32a8a84f2,WETH/COTI,WETH,18,0xc02aaa39b223fe8d0a0e5c4f27ead9083c756cc2,COTI,18,0xddb3422497e61e13543bea06989c0789117555c5
Uniswap V2,0xd9159376499936868a5b061a4633481131e70732,VALUE/WETH,VALUE,18,0x49e833337ece7afe375e44f4e3e8481029218e5c,WETH,18,0xc02aaa39b223fe8d0a0e5c4f27ead9083c756cc2
UniswapV3 LP,0x5b781915b6b610a1aba8135ad5df084ffe528da4,WETH/SUPER,WETH,18,0xc02aaa39b223fe8d0a0e5c4f27ead9083c756cc2,SUPER,18,0xe53ec727dbdeb9e2d5456c3be40cff031ab40a55
UniswapV3 LP,0x7731ca4d00800b6a681d031f565deb355c5b77da,DOG/WETH,DOG,18,0xbaac2b4491727d78d2b78815144570b9f2fe8899,WETH,18,0xc02aaa39b223fe8d0a0e5c4f27ead9083c756cc2
UniswapV3 LP,0x07dd38ad816fe84b8b37b3350c4ea127171d5f2f,WETH/ODDZ,WETH,18,0xc02aaa39b223fe8d0a0e5c4f27ead9083c756cc2,ODDZ,18,0xcd2828fc4d8e8a0ede91bb38cf64b1a81de65bf6
SushiSwap LP Token,0x5e63360e891bd60c69445970256c260b0a6a54c6,LEND/WETH,LEND,18,0x80fb784b7ed66730e8b1dbd9820afd29931aab03,WETH,18,0xc02aaa39b223fe8d0a0e5c4f27ead9083c756cc2
DODO DVM: WETH/vETH,0x4cf7fa72ffba0588e34883ce0797cec3890ecec4,WETH/vETH,WETH,18,0xc02aaa39b223fe8d0a0e5c4f27ead9083c756cc2,vETH,18,0xc3d088842dcf02c13699f936bb83dfbbc6f721ab
BCDC LP Token,0xc5ddd56af726119074c7bd725eeb6d179b1d9b11,USDC/WETH,USDC,6,0xa0b86991c6218b36c1d19d4a2e9eb0ce3606eb48,WETH,18,0xc02aaa39b223fe8d0a0e5c4f27ead9083c756cc2
Uniswap V2,0x1ec9b867b701c1e5ce9a6567ecc4b71838497c27,BiFi/WETH,BiFi,18,0x2791bfd60d232150bff86b39b7146c0eaaa2ba81,WETH,18,0xc02aaa39b223fe8d0a0e5c4f27ead9083c756cc2
Uniswap V3:UOU/WETH,0x11886971af09bc9a3d20e8d0ec3e9af7ee7a214d,UOU/WETH,UOU,18,0x0000000000071566c1cf5db929f8e2e2f5d57da8,WETH,18,0xc02aaa39b223fe8d0a0e5c4f27ead9083c756cc2
UniswapV3 LP,0x83cfaa49b75e394935ffb9bbd18c045e797d6a35,NOIA/WETH,NOIA,18,0xa8c8cfb141a3bb59fea1e2ea6b79b5ecbcd7b6ca,WETH,18,0xc02aaa39b223fe8d0a0e5c4f27ead9083c756cc2
ShibaSwap LP Token,0x5660c518c5610493086a3ba550f7ad6eb7935d1e,RYOSHI/WETH,RYOSHI,18,0x777e2ae845272a2f540ebf6a3d03734a5a8f618e,WETH,18,0xc02aaa39b223fe8d0a0e5c4f27ead9083c756cc2
UniswapV3 LP,0x302cbc852e71a56a876718029e4d2b716d62d7d6,PRT/WETH,PRT,18,0x6d0f5149c502faf215c89ab306ec3e50b15e2892,WETH,18,0xc02aaa39b223fe8d0a0e5c4f27ead9083c756cc2
Uniswap V2,0x1ee312a6d5fe7b4b8c25f0a32fca6391209ebebf,WETH/GOVI,WETH,18,0xc02aaa39b223fe8d0a0e5c4f27ead9083c756cc2,GOVI,18,0xeeaa40b28a2d1b0b08f6f97bb1dd4b75316c6107
CHKN.farm LP Token:DAI/WETH,0x9e4c98a6e67f2ad1ea41e37536e86a22bb445b4a,DAI/WETH,DAI,18,0x6b175474e89094c44da98b954eedeac495271d0f,WETH,18,0xc02aaa39b223fe8d0a0e5c4f27ead9083c756cc2
Uniswap V2,0xc1c191fee3e903ba5fcf3a467145978254a67079,CPD/WETH,CPD,18,0x9b31bb425d8263fa1b8b9d090b83cf0c31665355,WETH,18,0xc02aaa39b223fe8d0a0e5c4f27ead9083c756cc2
Uniswap V2,0x0fdc86703c938e3e1cbc9e14f21c6bf709c13acc,TXL/WETH,TXL,18,0x8eef5a82e6aa222a60f009ac18c24ee12dbf4b41,WETH,18,0xc02aaa39b223fe8d0a0e5c4f27ead9083c756cc2
UniswapV3 LP,0x12cc685eeb95d3fcdfae0a996e214e51fa6f7548,SKL/WETH,SKL,18,0x00c83aecc790e8a4453e5dd3b0b4b3680501a7a7,WETH,18,0xc02aaa39b223fe8d0a0e5c4f27ead9083c756cc2
SushiSwap LP Token,0x41e05211a0de162b4a131730a500f114f653a0ad,MAPS/WETH,MAPS,6,0x2b915b505c017abb1547aa5ab355fbe69865cc6d,WETH,18,0xc02aaa39b223fe8d0a0e5c4f27ead9083c756cc2
UniswapV3 LP,0x83695f776f5c8de31690e8a54e242a4567ba7a4b,WETH/COTI,WETH,18,0xc02aaa39b223fe8d0a0e5c4f27ead9083c756cc2,COTI,18,0xddb3422497e61e13543bea06989c0789117555c5
Uniswap V2,0xf0644757918d29e5a9b9ca62d8a4d599ab9f5109,MAPS/WETH,MAPS,6,0x2b915b505c017abb1547aa5ab355fbe69865cc6d,WETH,18,0xc02aaa39b223fe8d0a0e5c4f27ead9083c756cc2
ShibaSwap LP Token,0x5e8981ac03c349ecff06ad1b0fe70c2f573ac790,MANA/WETH,MANA,18,0x0f5d2fb29fb7d3cfee444a200298f468908cc942,WETH,18,0xc02aaa39b223fe8d0a0e5c4f27ead9083c756cc2
UniswapV3 LP,0xa388f891e5b7e8bb9b1ac1a09b410ca872e30450,POWR/WETH,POWR,6,0x595832f8fc6bf59c85c527fec3740a1b7a361269,WETH,18,0xc02aaa39b223fe8d0a0e5c4f27ead9083c756cc2
Gogoswap LP:WETH/USDT,0x530de03355c025a7f08a7fa9f106867dcceabda4,WETH/USDT,WETH,18,0xc02aaa39b223fe8d0a0e5c4f27ead9083c756cc2,USDT,6,0xdac17f958d2ee523a2206206994597c13d831ec7
Uniswap V2,0x7820fa98cca35142992eadf8a3c5044e1a82ac34,JPYC/WETH,JPYC,18,0x2370f9d504c7a6e775bf6e14b3f12846b594cd53,WETH,18,0xc02aaa39b223fe8d0a0e5c4f27ead9083c756cc2
UniswapV3 LP,0xe77fa8a57aa5cbf1d60778866d5bc164ab913c1c,GREEN/WETH,GREEN,8,0xb2089a7069861c8d90c8da3aacab8e9188c0c531,WETH,18,0xc02aaa39b223fe8d0a0e5c4f27ead9083c756cc2
Uniswap V2,0xdb9cd2f59b930ce823d8b071ba8f2174b59194b5,PRT/WETH,PRT,18,0x6d0f5149c502faf215c89ab306ec3e50b15e2892,WETH,18,0xc02aaa39b223fe8d0a0e5c4f27ead9083c756cc2
UniswapV3 LP,0x8e794abe66a4f65c0b6369ceb91af9d50d78fbfa,UFO/WETH,UFO,18,0x249e38ea4102d0cf8264d3701f1a0e39c4f2dc3b,WETH,18,0xc02aaa39b223fe8d0a0e5c4f27ead9083c756cc2
UniswapV3 LP,0x4da56307a38aa15ebb28c81766415b9179984036,FARM/WETH,FARM,18,0xa0246c9032bc3a600820415ae600c6388619a14d,WETH,18,0xc02aaa39b223fe8d0a0e5c4f27ead9083c756cc2
SushiSwap LP Token,0xe4275e185074afa0b760a6b0787ef42f4b030813,YOP/WETH,YOP,8,0xae1eaae3f627aaca434127644371b67b18444051,WETH,18,0xc02aaa39b223fe8d0a0e5c4f27ead9083c756cc2
Bitberry LP Token,0xfaae527d5497d24f78f11097e45b90406567d81e,DAI/WETH,DAI,18,0x6b175474e89094c44da98b954eedeac495271d0f,WETH,18,0xc02aaa39b223fe8d0a0e5c4f27ead9083c756cc2
Uniswap V2,0xe8846b27988ff52c371d5bd27bf8dba4097c93d2,DOUGH/WETH,DOUGH,18,0xad32a8e6220741182940c5abf610bde99e737b2d,WETH,18,0xc02aaa39b223fe8d0a0e5c4f27ead9083c756cc2
SushiSwap LP Token,0xf1360c4ae1cead17b588ec1111983d2791b760d3,JRT/WETH,JRT,18,0x8a9c67fee641579deba04928c4bc45f66e26343a,WETH,18,0xc02aaa39b223fe8d0a0e5c4f27ead9083c756cc2
Uniswap V2,0x3c442bab170f19dd40d0b1a405c9d93b088b9332,POWR/WETH,POWR,6,0x595832f8fc6bf59c85c527fec3740a1b7a361269,WETH,18,0xc02aaa39b223fe8d0a0e5c4f27ead9083c756cc2
Uniswap V2,0xc139d8450177c0b8c3788608518687b585f7ae5a,SWRV/WETH,SWRV,18,0xb8baa0e4287890a5f79863ab62b7f175cecbd433,WETH,18,0xc02aaa39b223fe8d0a0e5c4f27ead9083c756cc2
Uniswap V2,0x72af4d1d175672d1f99506e68e6e7cff484be4de,ASH/WETH,ASH,18,0x64d91f12ece7362f91a6f8e7940cd55f05060b92,WETH,18,0xc02aaa39b223fe8d0a0e5c4f27ead9083c756cc2
SushiSwap LP Token,0x96335e7cdbcd91fb33c26991b00cc13a87a811b9,FVT/WETH,FVT,18,0x45080a6531d671ddff20db42f93792a489685e32,WETH,18,0xc02aaa39b223fe8d0a0e5c4f27ead9083c756cc2
UniswapV3 LP,0xc5af84701f98fa483ece78af83f11b6c38aca71d,WETH/USDT,WETH,18,0xc02aaa39b223fe8d0a0e5c4f27ead9083c756cc2,USDT,6,0xdac17f958d2ee523a2206206994597c13d831ec7
Uniswap V2,0x75001b3ffe0f77864c7dc64c55e1e22b205e4a07,FVT/WETH,FVT,18,0x45080a6531d671ddff20db42f93792a489685e32,WETH,18,0xc02aaa39b223fe8d0a0e5c4f27ead9083c756cc2
UniswapV3 LP,0x634af6dbe36fd92d799d5442bac62873a8d96aa9,FARM/WETH,FARM,18,0xa0246c9032bc3a600820415ae600c6388619a14d,WETH,18,0xc02aaa39b223fe8d0a0e5c4f27ead9083c756cc2
SushiSwap LP Token,0x130f4322e5838463ee460d5854f5d472cfc8f253,APE/WETH,APE,18,0x4d224452801aced8b2f0aebe155379bb5d594381,WETH,18,0xc02aaa39b223fe8d0a0e5c4f27ead9083c756cc2
Balancer Pool Token,0x0ffc0ac3139a7cde29e6858c369b32cbbaf41cf4,YFL/WETH,YFL,18,0x28cb7e841ee97947a86b06fa4090c8451f64c0be,WETH,18,0xc02aaa39b223fe8d0a0e5c4f27ead9083c756cc2
SushiSwap LP Token,0x6463bd6026a2e7bfab5851b62969a92f7cca0eb6,HEGIC/WETH,HEGIC,18,0x584bc13c7d411c00c01a62e8019472de68768430,WETH,18,0xc02aaa39b223fe8d0a0e5c4f27ead9083c756cc2
SushiSwap LP Token,0xd3c41c080a73181e108e0526475a690f3616a859,DEXTF/WETH,DEXTF,18,0x5f64ab1544d28732f0a24f4713c2c8ec0da089f0,WETH,18,0xc02aaa39b223fe8d0a0e5c4f27ead9083c756cc2
Balancer Pool Token,0x4f0f422874e1525d88551d6a755116b9b7dcea7c,STORJ/WETH,STORJ,8,0xb64ef51c888972c908cfacf59b47c1afbc0ab8ac,WETH,18,0xc02aaa39b223fe8d0a0e5c4f27ead9083c756cc2
Uniswap V2,0x9b8d2834ba1b3c31688e084ce9792baa0ca2e2f7,WETH/PERL,WETH,18,0xc02aaa39b223fe8d0a0e5c4f27ead9083c756cc2,PERL,18,0xeca82185adce47f39c684352b0439f030f860318
SushiSwap LP Token,0x7e6782e37278994d1e99f1a5d03309b4b249d919,WETH/GOVI,WETH,18,0xc02aaa39b223fe8d0a0e5c4f27ead9083c756cc2,GOVI,18,0xeeaa40b28a2d1b0b08f6f97bb1dd4b75316c6107
Balancer Pool Token,0xe93e8aa4e88359dacf33c491cf5bd56eb6c110c1,BAL/WETH,BAL,18,0xba100000625a3754423978a60c9317c58a424e3d,WETH,18,0xc02aaa39b223fe8d0a0e5c4f27ead9083c756cc2
Balancer Pool Token,0xc3eb65c18902357f0c3577ced27b1fa914cd0e57,NMR/WETH,NMR,18,0x1776e1f26f98b1a5df9cd347953a26dd3cb46671,WETH,18,0xc02aaa39b223fe8d0a0e5c4f27ead9083c756cc2
Miniswap LP V2:WETH/USDT,0x3a8414b08ffb128cf1a9da1097b0454e0d4bfa8f,WETH/USDT,WETH,18,0xc02aaa39b223fe8d0a0e5c4f27ead9083c756cc2,USDT,6,0xdac17f958d2ee523a2206206994597c13d831ec7
KyberDMM LP XTK-WETH,0xf4c408835de8c68232f4746b5ed598608b17e98d,XTK/WETH,XTK,18,0x7f3edcdd180dbe4819bd98fee8929b5cedb3adeb,WETH,18,0xc02aaa39b223fe8d0a0e5c4f27ead9083c756cc2
UniswapV3 LP,0x7ab294c2769a2d3c6d8d89a7802e25042613b24e,WETH/UBI,WETH,18,0xc02aaa39b223fe8d0a0e5c4f27ead9083c756cc2,UBI,18,0xdd1ad9a21ce722c151a836373babe42c868ce9a4
Balancer Pool Token,0xaf71d6c242a00e8364ea0ef3c007f3413e975011,WETH/DXD,WETH,18,0xc02aaa39b223fe8d0a0e5c4f27ead9083c756cc2,DXD,18,0xa1d65e8fb6e87b60feccbc582f7f97804b725521
SushiSwap LP Token,0x38505b190a83383d4e75a6ac36fb3cd790389fff,FOUR/WETH,FOUR,18,0x4730fb1463a6f1f44aeb45f6c5c422427f37f4d0,WETH,18,0xc02aaa39b223fe8d0a0e5c4f27ead9083c756cc2
UniswapV3 LP,0x19a573b228468f3bf917389f4e2d4f2997610f71,WETH/PRE,WETH,18,0xc02aaa39b223fe8d0a0e5c4f27ead9083c756cc2,PRE,18,0xec213f83defb583af3a000b1c0ada660b1902a0f
SushiSwap LP Token,0x0018fb451a46ae397b8569936bc5bb5ff03cfd18,BEL/WETH,BEL,18,0xa91ac63d040deb1b7a5e4d4134ad23eb0ba07e14,WETH,18,0xc02aaa39b223fe8d0a0e5c4f27ead9083c756cc2
Uniswap V2,0x46af8ac1b82f73db6aacc1645d40c56191ab787b,NDX/WETH,NDX,18,0x86772b1409b61c639eaac9ba0acfbb6e238e5f83,WETH,18,0xc02aaa39b223fe8d0a0e5c4f27ead9083c756cc2
UniswapV3 LP,0xc05bdd0c4b0d37b84207522bcc998eedc9deecee,WETH/HYVE,WETH,18,0xc02aaa39b223fe8d0a0e5c4f27ead9083c756cc2,HYVE,18,0xd794dd1cada4cf79c9eebaab8327a1b0507ef7d4
Uniswap V2,0xee3b01b2debd3df95bf24d4aacf8e70373113315,WETH/NODE,WETH,18,0xc02aaa39b223fe8d0a0e5c4f27ead9083c756cc2,NODE,18,0xda007777d86ac6d989cc9f79a73261b3fc5e0da0
UniswapV3 LP,0x3a0f221ea8b150f3d3d27de8928851ab5264bb65,LINK/WETH,LINK,18,0x514910771af9ca656af840dff83e8264ecf986ca,WETH,18,0xc02aaa39b223fe8d0a0e5c4f27ead9083c756cc2
SushiSwap LP Token,0xd9f3a5a0e7499149538cdee8b804a5ac4f4944fc,ALN/WETH,ALN,18,0x8185bc4757572da2a610f887561c32298f1a5748,WETH,18,0xc02aaa39b223fe8d0a0e5c4f27ead9083c756cc2
ShibaSwap LP Token,0xc0bf67bb0d2cfbca8615e45eaa947e796aca931b,BANK/WETH,BANK,18,0x2d94aa3e47d9d5024503ca8491fce9a2fb4da198,WETH,18,0xc02aaa39b223fe8d0a0e5c4f27ead9083c756cc2
BCDC LP Token,0x3f3c8eea5751ddb1ca2443a418ea4596fe594576,WETH/USDT,WETH,18,0xc02aaa39b223fe8d0a0e5c4f27ead9083c756cc2,USDT,6,0xdac17f958d2ee523a2206206994597c13d831ec7
SushiSwap LP Token,0x60cd8dcc7cce0cca6a3743727ce909b6f715b2d8,WETH/NODE,WETH,18,0xc02aaa39b223fe8d0a0e5c4f27ead9083c756cc2,NODE,18,0xda007777d86ac6d989cc9f79a73261b3fc5e0da0
CHKN.farm LP Token:WETH/USDT,0xfa2b62c142aaedf0c18cc356499d2f460406b82e,WETH/USDT,WETH,18,0xc02aaa39b223fe8d0a0e5c4f27ead9083c756cc2,USDT,6,0xdac17f958d2ee523a2206206994597c13d831ec7
SushiSwap LP Token,0xfffae4a0f4ac251f4705717cd24cadccc9f33e06,OHM/WETH,OHM,9,0x383518188c0c6d7730d91b2c03a03c837814a899,WETH,18,0xc02aaa39b223fe8d0a0e5c4f27ead9083c756cc2
Uniswap V2,0xbbcd9986304fe340870f4816c614ba0c7a53512e,WETH/HYVE,WETH,18,0xc02aaa39b223fe8d0a0e5c4f27ead9083c756cc2,HYVE,18,0xd794dd1cada4cf79c9eebaab8327a1b0507ef7d4
Balancer Pool Token,0x8c7769f9f1e5042c0809b8702e4b9947b1bcb3f3,PERL/WETH,PERL,18,0xeca82185adce47f39c684352b0439f030f860318,WETH,18,0xc02aaa39b223fe8d0a0e5c4f27ead9083c756cc2
CHKN.farm LP Token:LINK/WETH,0x99a3a3bd4f9df3f63caca1799a6d5d65a0c22524,LINK/WETH,LINK,18,0x514910771af9ca656af840dff83e8264ecf986ca,WETH,18,0xc02aaa39b223fe8d0a0e5c4f27ead9083c756cc2
BCDC LP Token,0x18cf4c62865c063c247b2c971b60be5f1f8b0c8d,DAI/WETH,DAI,18,0x6b175474e89094c44da98b954eedeac495271d0f,WETH,18,0xc02aaa39b223fe8d0a0e5c4f27ead9083c756cc2
DelioSwap V2:DAI/WETH,0x0f47ee70e8dc28ca3479e5d85254315f52e791e3,DAI/WETH,DAI,18,0x6b175474e89094c44da98b954eedeac495271d0f,WETH,18,0xc02aaa39b223fe8d0a0e5c4f27ead9083c756cc2
Uniswap V2:WETH/BITS,0xb76596c1941616d553e2818300257b80d5498259,WETH/BITS,WETH,18,0xc02aaa39b223fe8d0a0e5c4f27ead9083c756cc2,BITS,18,0xcbc6922bb75e55d7ca5dabcf0ea2d7787fd023f6
SunflowerSwap LP Token:WETH/USDT,0x904304fa84848a886a2e8c9d5c691ceeb42724d3,WETH/USDT,WETH,18,0xc02aaa39b223fe8d0a0e5c4f27ead9083c756cc2,USDT,6,0xdac17f958d2ee523a2206206994597c13d831ec7
CRO Defi Swap:SWRV/WETH,0x5dfd5cc00d49d7fdeb2a3bb5e8abebd6f9a0ad3f,SWRV/WETH,SWRV,18,0xb8baa0e4287890a5f79863ab62b7f175cecbd433,WETH,18,0xc02aaa39b223fe8d0a0e5c4f27ead9083c756cc2
Balancer Pool Token,0x877d2a28ba931964b3479c23191c72a63993c2e7,NMR/WETH,NMR,18,0x1776e1f26f98b1a5df9cd347953a26dd3cb46671,WETH,18,0xc02aaa39b223fe8d0a0e5c4f27ead9083c756cc2
UniswapV3 LP,0x76d8938c96e8abfb44db042091131b7e9a63189c,WETH/SWAP,WETH,18,0xc02aaa39b223fe8d0a0e5c4f27ead9083c756cc2,SWAP,18,0xcc4304a31d09258b0029ea7fe63d032f52e44efe
Uniswap V2,0xe5282f5e2c89a94aa4fe49e9907222903d3f580a,WETH/QUIDD,WETH,18,0xc02aaa39b223fe8d0a0e5c4f27ead9083c756cc2,QUIDD,18,0xda9fdab21bc4a5811134a6e0ba6ca06624e67c07
Uniswap V2,0xdc3e94ddf605864b79fce18c7cf974e579001e7b,QUICK/WETH,QUICK,18,0x6c28aef8977c9b773996d0e8376d2ee379446f2f,WETH,18,0xc02aaa39b223fe8d0a0e5c4f27ead9083c756cc2
Uniswap V2,0xdc3f6f4c00b55f56d5ef6293b762c6483af24a82,ALN/WETH,ALN,18,0x8185bc4757572da2a610f887561c32298f1a5748,WETH,18,0xc02aaa39b223fe8d0a0e5c4f27ead9083c756cc2
UniswapV3 LP,0xb29148f6ea9f2d78ba9b2d6b30af37afdcc31a9e,STORJ/WETH,STORJ,8,0xb64ef51c888972c908cfacf59b47c1afbc0ab8ac,WETH,18,0xc02aaa39b223fe8d0a0e5c4f27ead9083c756cc2
SushiSwap LP Token,0xbe1da348fd61bb6bf70670490722eeefc72af92e,IDRT/WETH,IDRT,2,0x998ffe1e43facffb941dc337dd0468d52ba5b48a,WETH,18,0xc02aaa39b223fe8d0a0e5c4f27ead9083c756cc2
Uniswap V2,0xff62b7767104ff2785ca4847b9445fd808516515,IDRT/WETH,IDRT,2,0x998ffe1e43facffb941dc337dd0468d52ba5b48a,WETH,18,0xc02aaa39b223fe8d0a0e5c4f27ead9083c756cc2
Uniswap V3:RELI/WETH,0x7de8ecba49a038f763d30b05268f2262ae61cc3d,RELI/WETH,RELI,18,0x0e58ed58e150dba5fd8e5d4a49f54c7e1e880124,WETH,18,0xc02aaa39b223fe8d0a0e5c4f27ead9083c756cc2
UniswapV3 LP,0x2a4d547ea2c35d03a501a8bb5d12d81d0a222dc5,WETH/GFI,WETH,18,0xc02aaa39b223fe8d0a0e5c4f27ead9083c756cc2,GFI,18,0xdab396ccf3d84cf2d07c4454e10c8a6f5b008d2b
Uniswap V2:UOU/WETH,0x06a975e5c497d7a227e7607883129cfc3e3e2327,UOU/WETH,UOU,18,0x0000000000071566c1cf5db929f8e2e2f5d57da8,WETH,18,0xc02aaa39b223fe8d0a0e5c4f27ead9083c756cc2
Uniswap V3:DOV/WETH,0x58e6ec50aff3f3abb683d6bddd6d0d64cb816d0b,DOV/WETH,DOV,18,0xac3211a5025414af2866ff09c23fc18bc97e79b1,WETH,18,0xc02aaa39b223fe8d0a0e5c4f27ead9083c756cc2
Uniswap V2,0xb4d0d9df2738abe81b87b66c80851292492d1404,TUSD/WETH,TUSD,18,0x0000000000085d4780b73119b644ae5ecd22b376,WETH,18,0xc02aaa39b223fe8d0a0e5c4f27ead9083c756cc2
UniswapV3 LP,0x4478c3af95269e48aaa2fa4fbd2231df4aeab43f,BLOCKS/WETH,BLOCKS,18,0x8a6d4c8735371ebaf8874fbd518b56edd66024eb,WETH,18,0xc02aaa39b223fe8d0a0e5c4f27ead9083c756cc2
VALUE/WETH Value LP:VALUE/WETH,0x775dcc0121e0a67801b849236207db3af0a97b0d,VALUE/WETH,VALUE,18,0x49e833337ece7afe375e44f4e3e8481029218e5c,WETH,18,0xc02aaa39b223fe8d0a0e5c4f27ead9083c756cc2
UniswapV3 LP,0xf86edea695fe6f5ccb98ddb4cd148d47fd524bb2,WETH/CULT,WETH,18,0xc02aaa39b223fe8d0a0e5c4f27ead9083c756cc2,CULT,18,0xf0f9d895aca5c8678f706fb8216fa22957685a13
UniswapV3 LP,0x0d03eebe59cacb5dd521bdeed94f7ff4ce9e939a,TXL/WETH,TXL,18,0x8eef5a82e6aa222a60f009ac18c24ee12dbf4b41,WETH,18,0xc02aaa39b223fe8d0a0e5c4f27ead9083c756cc2
Uniswap V2,0xab3f9bf1d81ddb224a2014e98b238638824bcf20,LEND/WETH,LEND,18,0x80fb784b7ed66730e8b1dbd9820afd29931aab03,WETH,18,0xc02aaa39b223fe8d0a0e5c4f27ead9083c756cc2
KingSwap LP Token:WETH/USDT,0x9654158eca0633d41e25ab30ff536b757acfa6ec,WETH/USDT,WETH,18,0xc02aaa39b223fe8d0a0e5c4f27ead9083c756cc2,USDT,6,0xdac17f958d2ee523a2206206994597c13d831ec7
Uniswap V2,0x3f75a5b408feb14cba3d21bd934dc5b88908f105,SPC/WETH,SPC,18,0x86ed939b500e121c0c5f493f399084db596dad20,WETH,18,0xc02aaa39b223fe8d0a0e5c4f27ead9083c756cc2
CRO Defi Swap:UMA/WETH,0x84201cf0f98b69117b0a9097b2df11da6fb44106,UMA/WETH,UMA,18,0x04fa0d235c4abf4bcf4787af4cf447de572ef828,WETH,18,0xc02aaa39b223fe8d0a0e5c4f27ead9083c756cc2
SushiSwap LP Token,0xbfc7e9d73729d790c03265211774377b1850eb36,RAZOR/WETH,RAZOR,18,0x50de6856358cc35f3a9a57eaaa34bd4cb707d2cd,WETH,18,0xc02aaa39b223fe8d0a0e5c4f27ead9083c756cc2
SushiSwap LP Token,0x58985d43735a19286a41c5cdd02ed16f85ac9d80,WETH/KEYS,WETH,18,0xc02aaa39b223fe8d0a0e5c4f27ead9083c756cc2,KEYS,9,0xe0a189c975e4928222978a74517442239a0b86ff
Uniswap V2,0x5bacb4114ad2d448e79addef121714b74d67faec,WETH/KEYS,WETH,18,0xc02aaa39b223fe8d0a0e5c4f27ead9083c756cc2,KEYS,9,0xe0a189c975e4928222978a74517442239a0b86ff
Uniswap V2,0xdb4f0e1f537ed1d4bc4714367dec1e2417f35592,SOS/WETH,SOS,18,0x3b484b82567a09e2588a13d54d032153f0c0aee0,WETH,18,0xc02aaa39b223fe8d0a0e5c4f27ead9083c756cc2
UniswapV3 LP,0x157dfa656fdf0d18e1ba94075a53600d81cb3a97,UMA/WETH,UMA,18,0x04fa0d235c4abf4bcf4787af4cf447de572ef828,WETH,18,0xc02aaa39b223fe8d0a0e5c4f27ead9083c756cc2
UniswapV3 LP,0x753a90ae2fa03d31487141bf54bd853b27f7bcf5,TORN/WETH,TORN,18,0x77777feddddffc19ff86db637967013e6c6a116c,WETH,18,0xc02aaa39b223fe8d0a0e5c4f27ead9083c756cc2
Uniswap V2,0xac86903cdda380f20a06cc8a2dea7749f1558c68,WETH/RAIL,WETH,18,0xc02aaa39b223fe8d0a0e5c4f27ead9083c756cc2,RAIL,18,0xe76c6c83af64e4c60245d8c7de953df673a7a33d
Uniswap V2,0xf6048f2a7e1c44012265fab271c8eb89bb74bd4e,FORTH/WETH,FORTH,18,0x77fba179c79de5b7653f68b5039af940ada60ce0,WETH,18,0xc02aaa39b223fe8d0a0e5c4f27ead9083c756cc2
SushiSwap LP Token,0x0bec54c89a7d9f15c4e7faa8d47adedf374462ed,BiFi/WETH,BiFi,18,0x2791bfd60d232150bff86b39b7146c0eaaa2ba81,WETH,18,0xc02aaa39b223fe8d0a0e5c4f27ead9083c756cc2
SaitaSwap LPs:WETH/USDT,0xca74b44863c1adc83a77ff618871683438934b63,WETH/USDT,WETH,18,0xc02aaa39b223fe8d0a0e5c4f27ead9083c756cc2,USDT,6,0xdac17f958d2ee523a2206206994597c13d831ec7
SushiSwap LP Token,0x8911fce375a8414b1b578be66ee691a8d2d4dbf7,NDX/WETH,NDX,18,0x86772b1409b61c639eaac9ba0acfbb6e238e5f83,WETH,18,0xc02aaa39b223fe8d0a0e5c4f27ead9083c756cc2
LuaSwap LP Token V1:TOMOE/WETH,0x7885e359a085372ebcf1ed6829402f149d02c600,TOMOE/WETH,TOMOE,18,0x05d3606d5c81eb9b7b18530995ec9b29da05faba,WETH,18,0xc02aaa39b223fe8d0a0e5c4f27ead9083c756cc2
UniswapV3 LP,0xf79fc43494ce8a4613cb0b2a67a1b1207fd05d27,APE/WETH,APE,18,0x4d224452801aced8b2f0aebe155379bb5d594381,WETH,18,0xc02aaa39b223fe8d0a0e5c4f27ead9083c756cc2
Uniswap V2,0xe632ded5195e945a31f56d674aab0c0c9e7e812c,WETH/UBI,WETH,18,0xc02aaa39b223fe8d0a0e5c4f27ead9083c756cc2,UBI,18,0xdd1ad9a21ce722c151a836373babe42c868ce9a4
SushiSwap LP Token,0x458ae80894a0924ac763c034977e330c565f1687,WETH/PSP,WETH,18,0xc02aaa39b223fe8d0a0e5c4f27ead9083c756cc2,PSP,18,0xcafe001067cdef266afb7eb5a286dcfd277f3de5
Uniswap V2,0x42d52847be255eacee8c3f96b3b223c0b3cc0438,WETH/UOS,WETH,18,0xc02aaa39b223fe8d0a0e5c4f27ead9083c756cc2,UOS,4,0xd13c7342e1ef687c5ad21b27c2b65d772cab5c8c
Uniswap V2,0x0f95e6627923848a08232b5fca813c0fb86042b8,RAZOR/WETH,RAZOR,18,0x50de6856358cc35f3a9a57eaaa34bd4cb707d2cd,WETH,18,0xc02aaa39b223fe8d0a0e5c4f27ead9083c756cc2
UniswapV3 LP,0xa80964c5bbd1a0e95777094420555fead1a26c1e,DAI/WETH,DAI,18,0x6b175474e89094c44da98b954eedeac495271d0f,WETH,18,0xc02aaa39b223fe8d0a0e5c4f27ead9083c756cc2
UniswapV3 LP,0x4628a0a564debfc8798eb55db5c91f2200486c24,RNDR/WETH,RNDR,18,0x6de037ef9ad2725eb40118bb1702ebb27e4aeb24,WETH,18,0xc02aaa39b223fe8d0a0e5c4f27ead9083c756cc2
SushiSwap LP Token,0x0d80f8a039cc61b659ff299bb132de271c757325,PRIMATE/WETH,PRIMATE,18,0x46e98ffe40e408ba6412beb670507e083c8b95ff,WETH,18,0xc02aaa39b223fe8d0a0e5c4f27ead9083c756cc2
Uniswap V2,0xc5d3c66133a6264b0f2e712b8e10ef96efb93eb2,LUA/WETH,LUA,18,0xb1f66997a5760428d3a87d68b90bfe0ae64121cc,WETH,18,0xc02aaa39b223fe8d0a0e5c4f27ead9083c756cc2
Uniswap V2,0x8c56ca4f7eb12a7c217bbe36cc427a9dcb66f590,MAGIC/WETH,MAGIC,18,0xb0c7a3ba49c7a6eaba6cd4a96c55a1391070ac9a,WETH,18,0xc02aaa39b223fe8d0a0e5c4f27ead9083c756cc2
Uniswap V2,0x8878df9e1a7c87dcbf6d3999d997f262c05d8c70,LRC/WETH,LRC,18,0xbbbbca6a901c926f240b89eacb641d8aec7aeafd,WETH,18,0xc02aaa39b223fe8d0a0e5c4f27ead9083c756cc2
Uniswap V2,0x4d5ef58aac27d99935e5b6b4a6778ff292059991,DPI/WETH,DPI,18,0x1494ca1f11d487c2bbe4543e90080aeba4ba3c2b,WETH,18,0xc02aaa39b223fe8d0a0e5c4f27ead9083c756cc2
Uniswap V2,0x86fef14c27c78deaeb4349fd959caa11fc5b5d75,WETH/RARI,WETH,18,0xc02aaa39b223fe8d0a0e5c4f27ead9083c756cc2,RARI,18,0xfca59cd816ab1ead66534d82bc21e7515ce441cf
UniswapV3 LP,0xe11ee9c18d03b43d6a7fc53e51aedda8451e837a,WETH/PLU,WETH,18,0xc02aaa39b223fe8d0a0e5c4f27ead9083c756cc2,PLU,18,0xd8912c10681d8b21fd3742244f44658dba12264e
Uniswap V2,0xa3509a16bbfc5992eb01cc861b615ccd8e937da8,WETH/GTC,WETH,18,0xc02aaa39b223fe8d0a0e5c4f27ead9083c756cc2,GTC,18,0xde30da39c46104798bb5aa3fe8b9e0e1f348163f
SushiSwap LP Token,0xccb42aaab2ea1f8012c30418ee3fce550954d827,POND/WETH,POND,18,0x57b946008913b82e4df85f501cbaed910e58d26c,WETH,18,0xc02aaa39b223fe8d0a0e5c4f27ead9083c756cc2
UniswapV3 LP,0xe0cfa17aa9b8f930fd936633c0252d5cb745c2c3,DYDX/WETH,DYDX,18,0x92d6c1e31e14520e676a687f0a93788b716beff5,WETH,18,0xc02aaa39b223fe8d0a0e5c4f27ead9083c756cc2
SushiSwap LP Token,0xa8aec03d5cf2824fd984ee249493d6d4d6740e61,API3/WETH,API3,18,0x0b38210ea11411557c13457d4da7dc6ea731b88a,WETH,18,0xc02aaa39b223fe8d0a0e5c4f27ead9083c756cc2
ShibaSwap LP Token,0x86cccda3799a43fbceb4cec6ad8b028f5bf8b3dd,WBTC/WETH,WBTC,8,0x2260fac5e5542a773aa44fbcfedf7c193bc2c599,WETH,18,0xc02aaa39b223fe8d0a0e5c4f27ead9083c756cc2
Uniswap V2,0xa9bd7eef0c7affbdbdae92105712e9ff8b06ed49,BMI/WETH,BMI,18,0x725c263e32c72ddc3a19bea12c5a0479a81ee688,WETH,18,0xc02aaa39b223fe8d0a0e5c4f27ead9083c756cc2
Uniswap V2,0xf232d640a5700724748464ba8bd8bed21db609a6,SKL/WETH,SKL,18,0x00c83aecc790e8a4453e5dd3b0b4b3680501a7a7,WETH,18,0xc02aaa39b223fe8d0a0e5c4f27ead9083c756cc2
Uniswap V2:FLASH/WETH,0xb1c33de7a914f4d9ba293a055822cbc6e662a698,FLASH/WETH,FLASH,18,0xb1f1f47061a7be15c69f378cb3f69423bd58f2f8,WETH,18,0xc02aaa39b223fe8d0a0e5c4f27ead9083c756cc2
UniswapV3 LP,0xe744f5e2edfdcb9fdb43b288ecb8b21c8487e888,WETH/DOGEGF,WETH,18,0xc02aaa39b223fe8d0a0e5c4f27ead9083c756cc2,DOGEGF,18,0xfb130d93e49dca13264344966a611dc79a456bc5
UniswapV3 LP,0x495864cad6cf60e97efcd3f14ff8b1f167956ba2,API3/WETH,API3,18,0x0b38210ea11411557c13457d4da7dc6ea731b88a,WETH,18,0xc02aaa39b223fe8d0a0e5c4f27ead9083c756cc2
UniswapV3 LP,0xea4ba4ce14fdd287f380b55419b1c5b6c3f22ab6,COMP/WETH,COMP,18,0xc00e94cb662c3520282e6f5717214004a7f26888,WETH,18,0xc02aaa39b223fe8d0a0e5c4f27ead9083c756cc2
Uniswap V3:HEGIC/WETH,0xc51fb7fafa1b966a9d2eed2ea74f66171d2a861b,HEGIC/WETH,HEGIC,18,0x584bc13c7d411c00c01a62e8019472de68768430,WETH,18,0xc02aaa39b223fe8d0a0e5c4f27ead9083c756cc2
UniswapV3 LP,0xc3f6b81fb9e6db259272026601689e383f94c0b0,OVR/WETH,OVR,18,0x21bfbda47a0b4b5b1248c767ee49f7caa9b23697,WETH,18,0xc02aaa39b223fe8d0a0e5c4f27ead9083c756cc2
SushiSwap LP Token,0x34b13f8cd184f55d0bd4dd1fe6c07d46f245c7ed,DPI/WETH,DPI,18,0x1494ca1f11d487c2bbe4543e90080aeba4ba3c2b,WETH,18,0xc02aaa39b223fe8d0a0e5c4f27ead9083c756cc2
UniswapV3 LP,0x7261bb346ccc02911e4b07f933ccd69dc51ee3e1,CXO/WETH,CXO,18,0xb6ee9668771a79be7967ee29a63d4184f8097143,WETH,18,0xc02aaa39b223fe8d0a0e5c4f27ead9083c756cc2
Uniswap V2,0x4d3c5db2c68f6859e0cd05d080979f597dd64bff,MVI/WETH,MVI,18,0x72e364f2abdc788b7e918bc238b21f109cd634d7,WETH,18,0xc02aaa39b223fe8d0a0e5c4f27ead9083c756cc2
SushiSwap LP Token,0xa416df4d96cd547337a3e8893bf3f01c2a2af5c0,WETH/DOGEGF,WETH,18,0xc02aaa39b223fe8d0a0e5c4f27ead9083c756cc2,DOGEGF,18,0xfb130d93e49dca13264344966a611dc79a456bc5
ShibaSwap LP Token,0x8d5a1dcdc0fb93de2103977b1ffeacb16066025b,CIV/WETH,CIV,18,0x37fe0f067fa808ffbdd12891c0858532cfe7361d,WETH,18,0xc02aaa39b223fe8d0a0e5c4f27ead9083c756cc2
Uniswap V2,0x14b6154bcbf537368af932901456a7feb57cbe5a,OCC/WETH,OCC,18,0x2f109021afe75b949429fe30523ee7c0d5b27207,WETH,18,0xc02aaa39b223fe8d0a0e5c4f27ead9083c756cc2
SushiSwap LP Token,0x53813285cc60b13fcd2105c6472a47af01f8ac84,BMI/WETH,BMI,18,0x725c263e32c72ddc3a19bea12c5a0479a81ee688,WETH,18,0xc02aaa39b223fe8d0a0e5c4f27ead9083c756cc2
DXswap:DXD/WETH,0xb0dc4b36e0b4d2e3566d2328f6806ea0b76b4f13,DXD/WETH,DXD,18,0xa1d65e8fb6e87b60feccbc582f7f97804b725521,WETH,18,0xc02aaa39b223fe8d0a0e5c4f27ead9083c756cc2
Uniswap V2,0x15ab0333985fd1e289adf4fbbe19261454776642,WETH/MLN,WETH,18,0xc02aaa39b223fe8d0a0e5c4f27ead9083c756cc2,MLN,18,0xec67005c4e498ec7f55e092bd1d35cbc47c91892
Uniswap V2,0x1e0693f129d05e5857a642245185ee1fca6a5096,AXIAv3/WETH,AXIAv3,18,0x793786e2dd4cc492ed366a94b88a3ff9ba5e7546,WETH,18,0xc02aaa39b223fe8d0a0e5c4f27ead9083c756cc2
Uniswap V2,0x3a08144d5dd55e7d8f6fc8d8e9c76c74bbed1729,VXL/WETH,VXL,18,0x16cc8367055ae7e9157dbcb9d86fd6ce82522b31,WETH,18,0xc02aaa39b223fe8d0a0e5c4f27ead9083c756cc2
UniswapV3 LP,0xd9ed2b5f292a0e319a04e6c1aca15df97705821c,MANA/WETH,MANA,18,0x0f5d2fb29fb7d3cfee444a200298f468908cc942,WETH,18,0xc02aaa39b223fe8d0a0e5c4f27ead9083c756cc2
UnicSwap LP Token:uJENNY/WETH,0xec5100ad159f660986e47afa0cda1081101b471d,uJENNY/WETH,uJENNY,18,0xa499648fd0e80fd911972bbeb069e4c20e68bf22,WETH,18,0xc02aaa39b223fe8d0a0e5c4f27ead9083c756cc2
Taal LPs:WETH/USDT,0x5fee0c80d26cc393e48f0774a56f0362e82b76e4,WETH/USDT,WETH,18,0xc02aaa39b223fe8d0a0e5c4f27ead9083c756cc2,USDT,6,0xdac17f958d2ee523a2206206994597c13d831ec7
Balancer Pool Token,0xee4148ff794cf1d0976d2063a32a8f562abe6d75,WETH/RPL,WETH,18,0xc02aaa39b223fe8d0a0e5c4f27ead9083c756cc2,RPL,18,0xb4efd85c19999d84251304bda99e90b92300bd93
UniswapV3 LP,0x92ffbf968a1fbd766f94dcb495f2b39cc2bca7e3,WETH/CAW,WETH,18,0xc02aaa39b223fe8d0a0e5c4f27ead9083c756cc2,CAW,18,0xf3b9569f82b18aef890de263b84189bd33ebe452
Uniswap V2,0xdc7d8cc3a22fe0ec69770e02931f43451b7b975e,EWTB/WETH,EWTB,18,0x178c820f862b14f316509ec36b13123da19a6054,WETH,18,0xc02aaa39b223fe8d0a0e5c4f27ead9083c756cc2
SushiSwap LP Token,0xfb3cd0b8a5371fe93ef92e3988d30df7931e2820,WETH/INJ,WETH,18,0xc02aaa39b223fe8d0a0e5c4f27ead9083c756cc2,INJ,18,0xe28b3b32b6c345a34ff64674606124dd5aceca30
Uniswap V2:WETH/Koma,0x76fef2106341083c9aaf627b3e3b2cb7916452a3,WETH/Koma,WETH,18,0xc02aaa39b223fe8d0a0e5c4f27ead9083c756cc2,Koma,0,0xfe88c952dfd9595f266bae053daaac411ccfaf07
Uniswap V2,0x648450d9c30b73e2229303026107a1f7eb639f6c,ARMOR/WETH,ARMOR,18,0x1337def16f9b486faed0293eb623dc8395dfe46a,WETH,18,0xc02aaa39b223fe8d0a0e5c4f27ead9083c756cc2
SushiSwap LP Token,0x132eeb05d5cb6829bd34f552cde0b6b708ef5014,VSP/WETH,VSP,18,0x1b40183efb4dd766f11bda7a7c3ad8982e998421,WETH,18,0xc02aaa39b223fe8d0a0e5c4f27ead9083c756cc2
UniswapV3 LP,0x325365ed8275f6a74cac98917b7f6face8da533b,CHZ/WETH,CHZ,18,0x3506424f91fd33084466f402d5d97f05f8e3b4af,WETH,18,0xc02aaa39b223fe8d0a0e5c4f27ead9083c756cc2
CRO Defi Swap:WBTC/WETH,0xf02553b9f908ab61f4c1fc0af9a488c76f8ecc85,WBTC/WETH,WBTC,8,0x2260fac5e5542a773aa44fbcfedf7c193bc2c599,WETH,18,0xc02aaa39b223fe8d0a0e5c4f27ead9083c756cc2
Balancer Pool Token,0xe867be952ee17d2d294f2de62b13b9f4af521e9a,WETH/BAL,WETH,18,0xc02aaa39b223fe8d0a0e5c4f27ead9083c756cc2,BAL,18,0xba100000625a3754423978a60c9317c58a424e3d
Uniswap V2,0xd90a1ba0cbaaaabfdc6c814cdf1611306a26e1f8,WETH/SWAP,WETH,18,0xc02aaa39b223fe8d0a0e5c4f27ead9083c756cc2,SWAP,18,0xcc4304a31d09258b0029ea7fe63d032f52e44efe
UniswapV3 LP,0x9ab0905b39505d8682b58a57a41c4100e9c62ab6,FWB/WETH,FWB,18,0x35bd01fc9d6d5d81ca9e055db88dc49aa2c699a8,WETH,18,0xc02aaa39b223fe8d0a0e5c4f27ead9083c756cc2
SushiSwap LP Token,0x4a9c7b98c1a92db0ad33b31b549fb1820fe571ff,SWINGBY/WETH,SWINGBY,18,0x8287c7b963b405b7b8d467db9d79eec40625b13a,WETH,18,0xc02aaa39b223fe8d0a0e5c4f27ead9083c756cc2
ShibaSwap LP Token,0x9ea468e0ffc6a6dbfc6c81e81efe15719fd88b67,VXL/WETH,VXL,18,0x16cc8367055ae7e9157dbcb9d86fd6ce82522b31,WETH,18,0xc02aaa39b223fe8d0a0e5c4f27ead9083c756cc2
Uniswap V2,0x85cb0bab616fe88a89a35080516a8928f38b518b,POOL/WETH,POOL,18,0x0cec1a9154ff802e7934fc916ed7ca50bde6844e,WETH,18,0xc02aaa39b223fe8d0a0e5c4f27ead9083c756cc2
Safeswap LPs,0xc03a8c8b7a1e63197c84bf4817ce599f680a5f20,USDC/WETH,USDC,6,0xa0b86991c6218b36c1d19d4a2e9eb0ce3606eb48,WETH,18,0xc02aaa39b223fe8d0a0e5c4f27ead9083c756cc2
UniswapV3 LP,0xb38c979367cbadbe23026e9dda66ec6cbe926ff7,ARCX/WETH,ARCX,18,0x1321f1f1aa541a56c31682c57b80ecfccd9bb288,WETH,18,0xc02aaa39b223fe8d0a0e5c4f27ead9083c756cc2
Uniswap V2,0x06bf054b9aafc075f9be814e1b7f948c6e845596,WETH/NCR,WETH,18,0xc02aaa39b223fe8d0a0e5c4f27ead9083c756cc2,NCR,18,0xdb5c3c46e28b53a39c255aa39a411dd64e5fed9c
Uniswap V2,0x37ac54dc7dd237eecfd0b61efdd57b15fe158be0,SHOPX/WETH,SHOPX,18,0x7bef710a5759d197ec0bf621c3df802c2d60d848,WETH,18,0xc02aaa39b223fe8d0a0e5c4f27ead9083c756cc2
UniswapV3 LP,0x084b5191bd08412952337b1108b6e5942418928f,SNT/WETH,SNT,18,0x744d70fdbe2ba4cf95131626614a1763df805b9e,WETH,18,0xc02aaa39b223fe8d0a0e5c4f27ead9083c756cc2
SushiSwap LP Token,0x31d64f9403e82243e71c2af9d8f56c7dbe10c178,NFTX/WETH,NFTX,18,0x87d73e916d7057945c9bcd8cdd94e42a6f47f776,WETH,18,0xc02aaa39b223fe8d0a0e5c4f27ead9083c756cc2
Uniswap V2,0x7a99822968410431edd1ee75dab78866e31caf39,XI/WETH,XI,18,0x295b42684f90c77da7ea46336001010f2791ec8c,WETH,18,0xc02aaa39b223fe8d0a0e5c4f27ead9083c756cc2
UniswapV3 LP,0xff9704a23d4c4f57c69d86e1113c1e9204cd804e,WETH/aETHc,WETH,18,0xc02aaa39b223fe8d0a0e5c4f27ead9083c756cc2,aETHc,18,0xe95a203b1a91a908f9b9ce46459d101078c2c3cb
UniswapV3 LP,0x4a73a7e29988f171910119d660c4dd548282bf2a,WETH/PSP,WETH,18,0xc02aaa39b223fe8d0a0e5c4f27ead9083c756cc2,PSP,18,0xcafe001067cdef266afb7eb5a286dcfd277f3de5
Uniswap V2:SPS/WETH,0x1e6ba87b6f4f313f4571c8c56d4c31c2e1c3fdbe,SPS/WETH,SPS,18,0x00813e3421e1367353bfe7615c7f7f133c89df74,WETH,18,0xc02aaa39b223fe8d0a0e5c4f27ead9083c756cc2
UniswapV3 LP,0x7c3b1297ac649b36547b913de50919acb45a250c,DATA/WETH,DATA,18,0x8f693ca8d21b157107184d29d398a8d082b38b76,WETH,18,0xc02aaa39b223fe8d0a0e5c4f27ead9083c756cc2
SushiSwap LP Token,0xb270176ba6075196df88b855c3ec7776871fdb33,TORN/WETH,TORN,18,0x77777feddddffc19ff86db637967013e6c6a116c,WETH,18,0xc02aaa39b223fe8d0a0e5c4f27ead9083c756cc2
SushiSwap LP Token,0x742c15d71ea7444964bc39b0ed729b3729adc361,WETH/OMG,WETH,18,0xc02aaa39b223fe8d0a0e5c4f27ead9083c756cc2,OMG,18,0xd26114cd6ee289accf82350c8d8487fedb8a0c07
Uniswap V2,0x9e79ccaacaaa5dbb6714eea8fdfd6496c9618f40,SWINGBY/WETH,SWINGBY,18,0x8287c7b963b405b7b8d467db9d79eec40625b13a,WETH,18,0xc02aaa39b223fe8d0a0e5c4f27ead9083c756cc2
Uniswap V2,0xb6909b960dbbe7392d405429eb2b3649752b4838,BAT/WETH,BAT,18,0x0d8775f648430679a709e98d2b0cb6250d2887ef,WETH,18,0xc02aaa39b223fe8d0a0e5c4f27ead9083c756cc2
Verse Exchange:DAI/WETH,0x682831244b0e97946abc52cb1893cce398de3a35,DAI/WETH,DAI,18,0x6b175474e89094c44da98b954eedeac495271d0f,WETH,18,0xc02aaa39b223fe8d0a0e5c4f27ead9083c756cc2
Uniswap V2,0x6d7b6dad6abed1dfa5eba37a6667ba9dcfd49077,VSP/WETH,VSP,18,0x1b40183efb4dd766f11bda7a7c3ad8982e998421,WETH,18,0xc02aaa39b223fe8d0a0e5c4f27ead9083c756cc2
UniswapV3 LP,0x0cfbed8f2248d2735203f602be0cae5a3131ec68,WETH/SLP,WETH,18,0xc02aaa39b223fe8d0a0e5c4f27ead9083c756cc2,SLP,0,0xcc8fa225d80b9c7d42f96e9570156c65d6caaa25
UniswapV3 LP,0xbedf43fe5df23e163e5a844c3f6fbbe4d77e5113,FREE/WETH,FREE,18,0x2f141ce366a2462f02cea3d12cf93e4dca49e4fd,WETH,18,0xc02aaa39b223fe8d0a0e5c4f27ead9083c756cc2
UniswapV3 LP,0x96b0837489d046a4f5aa9ac2fc9e086bd14bac1e,RND/WETH,RND,18,0x1c7e83f8c581a967940dbfa7984744646ae46b29,WETH,18,0xc02aaa39b223fe8d0a0e5c4f27ead9083c756cc2
ShibaSwap LP Token,0x6593f97975400fcfee16a44d8448bb0509743e8e,VXV/WETH,VXV,18,0x7d29a64504629172a429e64183d6673b9dacbfce,WETH,18,0xc02aaa39b223fe8d0a0e5c4f27ead9083c756cc2
Uniswap V2,0xf248959d7aa50cd47b448f507063eaa6cc5404c4,WETH/PRE,WETH,18,0xc02aaa39b223fe8d0a0e5c4f27ead9083c756cc2,PRE,18,0xec213f83defb583af3a000b1c0ada660b1902a0f
Uniswap V2,0xb8a1a865e4405281311c5bc0f90c240498472d3e,NOIA/WETH,NOIA,18,0xa8c8cfb141a3bb59fea1e2ea6b79b5ecbcd7b6ca,WETH,18,0xc02aaa39b223fe8d0a0e5c4f27ead9083c756cc2
Uniswap V2,0xd9f91070371987eee3e500e90de5333e0c43d031,MXC/WETH,MXC,18,0x5ca381bbfb58f0092df149bd3d243b08b9a8386e,WETH,18,0xc02aaa39b223fe8d0a0e5c4f27ead9083c756cc2
Uniswap V2,0x2a1a72b2f9df73ae57bbbd8b95669955ea1eb8ef,WETH/ODDZ,WETH,18,0xc02aaa39b223fe8d0a0e5c4f27ead9083c756cc2,ODDZ,18,0xcd2828fc4d8e8a0ede91bb38cf64b1a81de65bf6
UniswapV3 LP,0x06ada8f74d99c6c200672b02e5c3341866ca3bfb,MVI/WETH,MVI,18,0x72e364f2abdc788b7e918bc238b21f109cd634d7,WETH,18,0xc02aaa39b223fe8d0a0e5c4f27ead9083c756cc2
UniswapV3 LP,0x44f9469d0d5393d3a01a0d4fa14fe7713c1ad1f7,DRGN/WETH,DRGN,18,0x419c4db4b9e25d6db2ad9691ccb832c8d9fda05e,WETH,18,0xc02aaa39b223fe8d0a0e5c4f27ead9083c756cc2
Uniswap V2,0xff58711683be66dad6e0e20e0043af46fc7f5f49,CHZ/WETH,CHZ,18,0x3506424f91fd33084466f402d5d97f05f8e3b4af,WETH,18,0xc02aaa39b223fe8d0a0e5c4f27ead9083c756cc2
UniswapV3 LP,0xcbbc981bd5b358d09a9346726115d3ac8822d00b,VXV/WETH,VXV,18,0x7d29a64504629172a429e64183d6673b9dacbfce,WETH,18,0xc02aaa39b223fe8d0a0e5c4f27ead9083c756cc2
ApeSwapFinance LPs:USDC/WETH,0x6b0cc136f7babd971b5decd21690be65718990e2,USDC/WETH,USDC,6,0xa0b86991c6218b36c1d19d4a2e9eb0ce3606eb48,WETH,18,0xc02aaa39b223fe8d0a0e5c4f27ead9083c756cc2
Uniswap V2,0x1d6432aefeae2c0ff1393120541863822a4e6fa7,YFL/WETH,YFL,18,0x28cb7e841ee97947a86b06fa4090c8451f64c0be,WETH,18,0xc02aaa39b223fe8d0a0e5c4f27ead9083c756cc2
Uniswap V2,0x2a8d7ab0133f53c977302dcb0460fa86eccec9ec,PRIMATE/WETH,PRIMATE,18,0x46e98ffe40e408ba6412beb670507e083c8b95ff,WETH,18,0xc02aaa39b223fe8d0a0e5c4f27ead9083c756cc2
Uniswap V2,0x88d97d199b9ed37c29d846d00d443de980832a22,UMA/WETH,UMA,18,0x04fa0d235c4abf4bcf4787af4cf447de572ef828,WETH,18,0xc02aaa39b223fe8d0a0e5c4f27ead9083c756cc2
Uniswap V2,0x6c406daeca809382e649d6c8f768450bf8dbc1dd,0NE/WETH,0NE,18,0x73a83269b9bbafc427e76be0a2c1a1db2a26f4c2,WETH,18,0xc02aaa39b223fe8d0a0e5c4f27ead9083c756cc2
Uniswap V2,0x97e1fcb93ae7267dbafad23f7b9afaa08264cfd8,UFO/WETH,UFO,18,0x249e38ea4102d0cf8264d3701f1a0e39c4f2dc3b,WETH,18,0xc02aaa39b223fe8d0a0e5c4f27ead9083c756cc2
CRO Defi Swap:FARM/WETH,0xd1a75741cf2a3dffa52f012c9ca0878e21c9e561,FARM/WETH,FARM,18,0xa0246c9032bc3a600820415ae600c6388619a14d,WETH,18,0xc02aaa39b223fe8d0a0e5c4f27ead9083c756cc2
UniswapV3 LP,0x5598931bfbb43eec686fa4b5b92b5152ebadc2f6,COMP/WETH,COMP,18,0xc00e94cb662c3520282e6f5717214004a7f26888,WETH,18,0xc02aaa39b223fe8d0a0e5c4f27ead9083c756cc2
SushiSwap LP Token,0xa7f11e026a0af768d285360a855f2bded3047530,IDLE/WETH,IDLE,18,0x875773784af8135ea0ef43b5a374aad105c5d39e,WETH,18,0xc02aaa39b223fe8d0a0e5c4f27ead9083c756cc2
UniswapV3 LP,0xe6d1e0f7553d7e5fa1c93dcc6ac3347b9e8528da,NFT/WETH,NFT,6,0x198d14f2ad9ce69e76ea330b374de4957c3f850a,WETH,18,0xc02aaa39b223fe8d0a0e5c4f27ead9083c756cc2
Balancer Pool Token,0x59a19d8c652fa0284f44113d0ff9aba70bd46fb4,BAL/WETH,BAL,18,0xba100000625a3754423978a60c9317c58a424e3d,WETH,18,0xc02aaa39b223fe8d0a0e5c4f27ead9083c756cc2
Balancer Pool Token,0xbfee82ff0402b1a24f895ccc2545f6187369b4c3,WETH/RNDR,WETH,18,0xc02aaa39b223fe8d0a0e5c4f27ead9083c756cc2,RNDR,18,0x6de037ef9ad2725eb40118bb1702ebb27e4aeb24
Uniswap V2,0x1273ad5d8f3596a7a39efdb5a4b8f82e8f003fc3,HEGIC/WETH,HEGIC,18,0x584bc13c7d411c00c01a62e8019472de68768430,WETH,18,0xc02aaa39b223fe8d0a0e5c4f27ead9083c756cc2
Uniswap V2,0x3ddbbfd2cf0120f6e98ea0d44aed3475c385f0e9,WETH/SLP,WETH,18,0xc02aaa39b223fe8d0a0e5c4f27ead9083c756cc2,SLP,0,0xcc8fa225d80b9c7d42f96e9570156c65d6caaa25
UniswapV3 LP,0xa6df9f4dd586e2e2ca5e58a0ba3e2818c17e9a0d,BOBA/WETH,BOBA,18,0x42bbfa2e77757c645eeaad1655e0911a7553efbc,WETH,18,0xc02aaa39b223fe8d0a0e5c4f27ead9083c756cc2
KyberDMM LP WBTC-WETH,0x1cf68bbc2b6d3c6cfe1bd3590cf0e10b06a05f17,WBTC/WETH,WBTC,8,0x2260fac5e5542a773aa44fbcfedf7c193bc2c599,WETH,18,0xc02aaa39b223fe8d0a0e5c4f27ead9083c756cc2
UniswapV3 LP,0x1a80afe14143637c0b7609e6e276464e4f748014,BANK/WETH,BANK,18,0x2d94aa3e47d9d5024503ca8491fce9a2fb4da198,WETH,18,0xc02aaa39b223fe8d0a0e5c4f27ead9083c756cc2
Uniswap V2,0x3185626c14acb9531d19560decb9d3e5e80681b1,XRT/WETH,XRT,9,0x7de91b204c1c737bcee6f000aaa6569cf7061cb7,WETH,18,0xc02aaa39b223fe8d0a0e5c4f27ead9083c756cc2
Uniswap V2,0xcffdded873554f362ac02f8fb1f02e5ada10516f,COMP/WETH,COMP,18,0xc00e94cb662c3520282e6f5717214004a7f26888,WETH,18,0xc02aaa39b223fe8d0a0e5c4f27ead9083c756cc2
UniswapV3 LP,0xaff587846a44aa086a6555ff69055d3380fd379a,0xBTC/WETH,0xBTC,8,0xb6ed7644c69416d67b522e20bc294a9a9b405b31,WETH,18,0xc02aaa39b223fe8d0a0e5c4f27ead9083c756cc2
UniswapV3 LP,0x06b1655b9d560de112759b4f0bf57d6f005e72fe,WETH/GTC,WETH,18,0xc02aaa39b223fe8d0a0e5c4f27ead9083c756cc2,GTC,18,0xde30da39c46104798bb5aa3fe8b9e0e1f348163f
Uniswap V2,0x6cd7301d8366382198e2ab7d3cc4c6a74f3b4fc8,CARD/WETH,CARD,18,0x954b890704693af242613edef1b603825afcd708,WETH,18,0xc02aaa39b223fe8d0a0e5c4f27ead9083c756cc2
UniswapV3 LP,0x32ecd439b57fb881ea1f5df2f8581b6fdac0acac,CARD/WETH,CARD,18,0x954b890704693af242613edef1b603825afcd708,WETH,18,0xc02aaa39b223fe8d0a0e5c4f27ead9083c756cc2
Uniswap V2,0xce84867c3c02b05dc570d0135103d3fb9cc19433,SUSHI/WETH,SUSHI,18,0x6b3595068778dd592e39a122f4f5a5cf09c90fe2,WETH,18,0xc02aaa39b223fe8d0a0e5c4f27ead9083c756cc2
SushiSwap LP Token,0x5c596c6a65f628fc1090853d8eb1927651e9d9b2,GOG/WETH,GOG,18,0x9ab7bb7fdc60f4357ecfef43986818a2a3569c62,WETH,18,0xc02aaa39b223fe8d0a0e5c4f27ead9083c756cc2
Uniswap V2,0x0a965a4caf929338044c593d82d385c4c898d8c6,FWB/WETH,FWB,18,0x35bd01fc9d6d5d81ca9e055db88dc49aa2c699a8,WETH,18,0xc02aaa39b223fe8d0a0e5c4f27ead9083c756cc2
SushiSwap LP Token,0x75382c52b6f90b3f8014bfcadac2386513f1e3bc,RLC/WETH,RLC,9,0x607f4c5bb672230e8672085532f7e901544a7375,WETH,18,0xc02aaa39b223fe8d0a0e5c4f27ead9083c756cc2
SushiSwap LP Token,0x760166fa4f227da29ecac3bec348f5fa853a1f3c,TUSD/WETH,TUSD,18,0x0000000000085d4780b73119b644ae5ecd22b376,WETH,18,0xc02aaa39b223fe8d0a0e5c4f27ead9083c756cc2
Balancer Pool Token,0x25af1f2c3772d6f19aa6615571203757365d29c6,WBTC/WETH,WBTC,8,0x2260fac5e5542a773aa44fbcfedf7c193bc2c599,WETH,18,0xc02aaa39b223fe8d0a0e5c4f27ead9083c756cc2
SushiSwap LP Token,0x663242d053057f317a773d7c262b700616d0b9a0,MTA/WETH,MTA,18,0xa3bed4e1c75d00fa6f4e5e6922db7261b5e9acd2,WETH,18,0xc02aaa39b223fe8d0a0e5c4f27ead9083c756cc2
Uniswap V2,0xc98b3b8c7cc0d7d925d1a407347b845d9f001391,WETH/ORBS,WETH,18,0xc02aaa39b223fe8d0a0e5c4f27ead9083c756cc2,ORBS,18,0xff56cc6b1e6ded347aa0b7676c85ab0b3d08b0fa
Uniswap V2,0x541e55d40d001ca062ea0366afce05848eb7194c,DOSE/WETH,DOSE,18,0xb31ef9e52d94d4120eb44fe1ddfde5b4654a6515,WETH,18,0xc02aaa39b223fe8d0a0e5c4f27ead9083c756cc2
Taal LPs:USDC/WETH,0x2d22e163ae5fd9c7b529e0864b69c204a895bc30,USDC/WETH,USDC,6,0xa0b86991c6218b36c1d19d4a2e9eb0ce3606eb48,WETH,18,0xc02aaa39b223fe8d0a0e5c4f27ead9083c756cc2
UniswapV3 LP,0x4b3d09151ad295623ac9e50967739fd437b0d892,WETH/NCR,WETH,18,0xc02aaa39b223fe8d0a0e5c4f27ead9083c756cc2,NCR,18,0xdb5c3c46e28b53a39c255aa39a411dd64e5fed9c
UniswapV3 LP,0x1a8eafb27821a90d009f9c18bd954155b5121fbd,WETH/vETH,WETH,18,0xc02aaa39b223fe8d0a0e5c4f27ead9083c756cc2,vETH,18,0xc3d088842dcf02c13699f936bb83dfbbc6f721ab
Wallstreetbets LP:USDC/WETH,0x1efedc21e7c5a28c87280cacf7333ddc32b826e1,USDC/WETH,USDC,6,0xa0b86991c6218b36c1d19d4a2e9eb0ce3606eb48,WETH,18,0xc02aaa39b223fe8d0a0e5c4f27ead9083c756cc2
SushiSwap LP Token,0x9fc5b87b74b9bd239879491056752eb90188106d,STAKE/WETH,STAKE,18,0x0ae055097c6d159879521c384f1d2123d1f195e6,WETH,18,0xc02aaa39b223fe8d0a0e5c4f27ead9083c756cc2
BXH Swap LP Token:WETH/USDT,0x1d70e1222872b564dcf769f5aaa04cc14dcd43f5,WETH/USDT,WETH,18,0xc02aaa39b223fe8d0a0e5c4f27ead9083c756cc2,USDT,6,0xdac17f958d2ee523a2206206994597c13d831ec7
Uniswap V2,0xd65e975c7d0d5871eff8b079120e43c9f377ada1,YOP/WETH,YOP,8,0xae1eaae3f627aaca434127644371b67b18444051,WETH,18,0xc02aaa39b223fe8d0a0e5c4f27ead9083c756cc2
Uniswap V3:WETH/Koma,0x9cacd0007e4471084e48ab4f5673b1f268a0b0bb,WETH/Koma,WETH,18,0xc02aaa39b223fe8d0a0e5c4f27ead9083c756cc2,Koma,0,0xfe88c952dfd9595f266bae053daaac411ccfaf07
UniswapV3 LP,0x132a6e4fd04b862a83bf95127d23be2c3ab28502,GOG/WETH,GOG,18,0x9ab7bb7fdc60f4357ecfef43986818a2a3569c62,WETH,18,0xc02aaa39b223fe8d0a0e5c4f27ead9083c756cc2
Uniswap V2,0x59e7bee6374a3f6ecb33180ece978fd4f2b7cea2,SNT/WETH,SNT,18,0x744d70fdbe2ba4cf95131626614a1763df805b9e,WETH,18,0xc02aaa39b223fe8d0a0e5c4f27ead9083c756cc2
UniswapV3 LP,0xc1df8037881df17dc88998824b9aea81c71bbb1b,FORTH/WETH,FORTH,18,0x77fba179c79de5b7653f68b5039af940ada60ce0,WETH,18,0xc02aaa39b223fe8d0a0e5c4f27ead9083c756cc2
UniswapV3 LP,0xa96c549fa361181a94c081597171e17d27459dbb,MTA/WETH,MTA,18,0xa3bed4e1c75d00fa6f4e5e6922db7261b5e9acd2,WETH,18,0xc02aaa39b223fe8d0a0e5c4f27ead9083c756cc2
Balancer Pool Token,0x1eff8af5d577060ba4ac8a29a13525bb0ee2a3d5,WETH/WBTC,WETH,18,0xc02aaa39b223fe8d0a0e5c4f27ead9083c756cc2,WBTC,8,0x2260fac5e5542a773aa44fbcfedf7c193bc2c599
SushiSwap LP Token,0x8597fa0773888107e2867d36dd87fe5bafeab328,WETH/SLP,WETH,18,0xc02aaa39b223fe8d0a0e5c4f27ead9083c756cc2,SLP,0,0xcc8fa225d80b9c7d42f96e9570156c65d6caaa25
Uniswap V2,0x0f641efbeff4be14762a276d4d3744ce40526653,CXO/WETH,CXO,18,0xb6ee9668771a79be7967ee29a63d4184f8097143,WETH,18,0xc02aaa39b223fe8d0a0e5c4f27ead9083c756cc2
Uniswap V2,0x76d3142ac9891aa69bdb1a96eabb907561596ad3,DINU/WETH,DINU,18,0xbb1ee07d6c7baeb702949904080eb61f5d5e7732,WETH,18,0xc02aaa39b223fe8d0a0e5c4f27ead9083c756cc2
UniswapV3 LP,0x9410cf01dcdccdb9b56e285b39cea375e5e90883,XI/WETH,XI,18,0x295b42684f90c77da7ea46336001010f2791ec8c,WETH,18,0xc02aaa39b223fe8d0a0e5c4f27ead9083c756cc2
SushiSwap LP Token,0xdd51121d1efc398b4c09fd0cb84d79ae2c923fc9,BLOCKS/WETH,BLOCKS,18,0x8a6d4c8735371ebaf8874fbd518b56edd66024eb,WETH,18,0xc02aaa39b223fe8d0a0e5c4f27ead9083c756cc2
Convergence LP Token:WETH/CONV,0x4a2b4f76ab77c7ee3820f16967741209d0a8779e,WETH/CONV,WETH,18,0xc02aaa39b223fe8d0a0e5c4f27ead9083c756cc2,CONV,18,0xc834fa996fa3bec7aad3693af486ae53d8aa8b50
SushiSwap LP Token,0x2c51eaa1bcc7b013c3f1d5985cdcb3c56dc3fbc1,BANK/WETH,BANK,18,0x2d94aa3e47d9d5024503ca8491fce9a2fb4da198,WETH,18,0xc02aaa39b223fe8d0a0e5c4f27ead9083c756cc2
Uniswap V2,0x7b890092f81b337ed68fba266afc7b4c3710a55b,NFTX/WETH,NFTX,18,0x87d73e916d7057945c9bcd8cdd94e42a6f47f776,WETH,18,0xc02aaa39b223fe8d0a0e5c4f27ead9083c756cc2
BXH Swap LP Token:USDC/WETH,0x5cbf39a653daecae55579c2104694d4d4af201a6,USDC/WETH,USDC,6,0xa0b86991c6218b36c1d19d4a2e9eb0ce3606eb48,WETH,18,0xc02aaa39b223fe8d0a0e5c4f27ead9083c756cc2
Uniswap V3:SPS/WETH,0xfa307d5171c6b6342a3556d419a7493b01a3f523,SPS/WETH,SPS,18,0x00813e3421e1367353bfe7615c7f7f133c89df74,WETH,18,0xc02aaa39b223fe8d0a0e5c4f27ead9083c756cc2
Uniswap V2,0xdac9b2c7a5a8e2163b4161e34c2148e11b51fcc7,BLOCKS/WETH,BLOCKS,18,0x8a6d4c8735371ebaf8874fbd518b56edd66024eb,WETH,18,0xc02aaa39b223fe8d0a0e5c4f27ead9083c756cc2
Uniswap V2,0x5b482ffbbdd01a629808eaf767140b5ba6c37e83,NFT/WETH,NFT,6,0x198d14f2ad9ce69e76ea330b374de4957c3f850a,WETH,18,0xc02aaa39b223fe8d0a0e5c4f27ead9083c756cc2
Uniswap V2,0xa1444ac5b8ac4f20f748558fe4e848087f528e00,DEXTF/WETH,DEXTF,18,0x5f64ab1544d28732f0a24f4713c2c8ec0da089f0,WETH,18,0xc02aaa39b223fe8d0a0e5c4f27ead9083c756cc2
Uniswap V2,0x5c89674c4ad1ccd10a29bcc9aabc303cd5f2da1d,TOMOE/WETH,TOMOE,18,0x05d3606d5c81eb9b7b18530995ec9b29da05faba,WETH,18,0xc02aaa39b223fe8d0a0e5c4f27ead9083c756cc2
OrionPool V2:WETH/USDT,0x6855859bea41a682707c4aa98424a734515da111,WETH/USDT,WETH,18,0xc02aaa39b223fe8d0a0e5c4f27ead9083c756cc2,USDT,6,0xdac17f958d2ee523a2206206994597c13d831ec7
SushiSwap LP Token,0xb84c45174bfc6b8f3eaecbae11dee63114f5c1b2,SOS/WETH,SOS,18,0x3b484b82567a09e2588a13d54d032153f0c0aee0,WETH,18,0xc02aaa39b223fe8d0a0e5c4f27ead9083c756cc2
SushiSwap LP Token,0x001b6450083e531a5a7bf310bd2c1af4247e23d4,UMA/WETH,UMA,18,0x04fa0d235c4abf4bcf4787af4cf447de572ef828,WETH,18,0xc02aaa39b223fe8d0a0e5c4f27ead9083c756cc2
Uniswap V2,0x5449bd1a97296125252db2d9cf23d5d6e30ca3c1,RND/WETH,RND,18,0x1c7e83f8c581a967940dbfa7984744646ae46b29,WETH,18,0xc02aaa39b223fe8d0a0e5c4f27ead9083c756cc2
SushiSwap LP Token,0x8d308e01f0401345996552dc391e44c4f3ce8754,MAGIC/WETH,MAGIC,18,0xb0c7a3ba49c7a6eaba6cd4a96c55a1391070ac9a,WETH,18,0xc02aaa39b223fe8d0a0e5c4f27ead9083c756cc2
UniswapV3 LP,0xb9c4a5522a2f8ba9e2ff7063df8c02ed443337a3,WETH/ENS,WETH,18,0xc02aaa39b223fe8d0a0e5c4f27ead9083c756cc2,ENS,18,0xc18360217d8f7ab5e7c516566761ea12ce7f9d72
Uniswap V2,0xb87b65dacc6171b3ca8c4a934601d0fcb6c61049,WETH/ENS,WETH,18,0xc02aaa39b223fe8d0a0e5c4f27ead9083c756cc2,ENS,18,0xc18360217d8f7ab5e7c516566761ea12ce7f9d72
UniswapV3 LP,0xaa36dbf3fd5bfcf1350cb8d830708f28de37ae53,RELI/WETH,RELI,18,0x0e58ed58e150dba5fd8e5d4a49f54c7e1e880124,WETH,18,0xc02aaa39b223fe8d0a0e5c4f27ead9083c756cc2
SushiSwap LP Token,0x87c33321e1755ab54b0a27d4969a72b953486e75,ARCX/WETH,ARCX,18,0x1321f1f1aa541a56c31682c57b80ecfccd9bb288,WETH,18,0xc02aaa39b223fe8d0a0e5c4f27ead9083c756cc2
UniswapV3 LP,0x2b43fe4f41d871fbc75af6e0ce85bce38ff1edc7,Coval/WETH,Coval,8,0x3d658390460295fb963f54dc0899cfb1c30776df,WETH,18,0xc02aaa39b223fe8d0a0e5c4f27ead9083c756cc2
Balancer Pool Token,0x95a43cc58675aa29dd51ec68e8bc16bb760a81af,WETH/RAIL,WETH,18,0xc02aaa39b223fe8d0a0e5c4f27ead9083c756cc2,RAIL,18,0xe76c6c83af64e4c60245d8c7de953df673a7a33d
Uniswap V2,0xbe38a889d67467b665e30e20ee5604a6f5696e38,WETH/PTF,WETH,18,0xc02aaa39b223fe8d0a0e5c4f27ead9083c756cc2,PTF,18,0xc57d533c50bc22247d49a368880fb49a1caa39f7
UniswapV3 LP,0x695b30d636e4f232d443af6a93df95afd2ff485c,WETH/BEPRO,WETH,18,0xc02aaa39b223fe8d0a0e5c4f27ead9083c756cc2,BEPRO,18,0xcf3c8be2e2c42331da80ef210e9b1b307c03d36a
SushiSwap LP Token,0x87b918e76c92818db0c76a4e174447aee6e6d23f,MOVE/WETH,MOVE,18,0x3fa729b4548becbad4eab6ef18413470e6d5324c,WETH,18,0xc02aaa39b223fe8d0a0e5c4f27ead9083c756cc2
Uniswap V2,0x87c9524237a19338be7dbcac01d6d208ff31136f,WETH/PLU,WETH,18,0xc02aaa39b223fe8d0a0e5c4f27ead9083c756cc2,PLU,18,0xd8912c10681d8b21fd3742244f44658dba12264e
UniswapV3 LP,0x8ba79ea51fb27648972bbaf8374114829326b606,CPD/WETH,CPD,18,0x9b31bb425d8263fa1b8b9d090b83cf0c31665355,WETH,18,0xc02aaa39b223fe8d0a0e5c4f27ead9083c756cc2
UniswapV3 LP,0xb82d251b7e92832dccb7f3c6f03ae20f2d7ee597,SOS/WETH,SOS,18,0x3b484b82567a09e2588a13d54d032153f0c0aee0,WETH,18,0xc02aaa39b223fe8d0a0e5c4f27ead9083c756cc2
SushiSwap LP Token,0x69b39b89f9274a16e8a19b78e5eb47a4d91dac9e,FARM/WETH,FARM,18,0xa0246c9032bc3a600820415ae600c6388619a14d,WETH,18,0xc02aaa39b223fe8d0a0e5c4f27ead9083c756cc2
Uniswap V2,0x0b0d6c11d26b58cb25f59bd9b14190c8941e58fc,OVR/WETH,OVR,18,0x21bfbda47a0b4b5b1248c767ee49f7caa9b23697,WETH,18,0xc02aaa39b223fe8d0a0e5c4f27ead9083c756cc2
UniswapV3 LP,0x4e57f830b0b4a82321071ead6ffd1df1575a16e2,WETH/AMP,WETH,18,0xc02aaa39b223fe8d0a0e5c4f27ead9083c756cc2,AMP,18,0xff20817765cb7f73d4bde2e66e067e58d11095c2
UniswapV3 LP,0x4efc9e2e3e77732ce2f9612b8f050082c01688bd,GREEN/WETH,GREEN,8,0xb2089a7069861c8d90c8da3aacab8e9188c0c531,WETH,18,0xc02aaa39b223fe8d0a0e5c4f27ead9083c756cc2
Uniswap V3:FLASH/WETH,0xc06bb6febb62cab08d22973d718c44318df5de82,FLASH/WETH,FLASH,18,0xb1f1f47061a7be15c69f378cb3f69423bd58f2f8,WETH,18,0xc02aaa39b223fe8d0a0e5c4f27ead9083c756cc2
Uniswap V2,0x4aadb3498f407e4d558589514bb9a4b341475e31,DAR/WETH,DAR,6,0x081131434f93063751813c619ecca9c4dc7862a3,WETH,18,0xc02aaa39b223fe8d0a0e5c4f27ead9083c756cc2
Uniswap V2,0x29a9777da2bacd8c4a28b6fd8247c4ca4f098f12,IDLE/WETH,IDLE,18,0x875773784af8135ea0ef43b5a374aad105c5d39e,WETH,18,0xc02aaa39b223fe8d0a0e5c4f27ead9083c756cc2
Uniswap V2,0x3c70f4faea49e50adc8305f2e1aa0ea326a54ffc,WETH/INJ,WETH,18,0xc02aaa39b223fe8d0a0e5c4f27ead9083c756cc2,INJ,18,0xe28b3b32b6c345a34ff64674606124dd5aceca30
UniswapV3 LP,0xa324a33a6bc402de1d81b7a501bdf8ac7bf845ab,WETH/BOSON,WETH,18,0xc02aaa39b223fe8d0a0e5c4f27ead9083c756cc2,BOSON,18,0xc477d038d5420c6a9e0b031712f61c5120090de9
Uniswap V2,0x049b4493010fc0ee3deed6a7fcae4e5fba86bb45,MAD/WETH,MAD,18,0x5b09a0371c1da44a8e24d36bf5deb1141a84d875,WETH,18,0xc02aaa39b223fe8d0a0e5c4f27ead9083c756cc2
UniswapV3 LP,0xd017617f6f0fd22796e137a8240cc38f52a147b2,WETH/GTC,WETH,18,0xc02aaa39b223fe8d0a0e5c4f27ead9083c756cc2,GTC,18,0xde30da39c46104798bb5aa3fe8b9e0e1f348163f
UniswapV3 LP,0xa9c6b614fa5503bd12e037d96fa292e4e15bb123,DAR/WETH,DAR,6,0x081131434f93063751813c619ecca9c4dc7862a3,WETH,18,0xc02aaa39b223fe8d0a0e5c4f27ead9083c756cc2
UniswapV3 LP,0xefc19ba107bf1ce57a7ab5dea228fffb899abeb0,WETH/DIP,WETH,18,0xc02aaa39b223fe8d0a0e5c4f27ead9083c756cc2,DIP,18,0xc719d010b63e5bbf2c0551872cd5316ed26acd83
Standard LTR Token:STND/WETH,0x895d4538bbd5e53809d6c5680dd88367a0837eb4,STND/WETH,STND,18,0x9040e237c3bf18347bb00957dc22167d0f2b999d,WETH,18,0xc02aaa39b223fe8d0a0e5c4f27ead9083c756cc2
Uniswap V2,0x04840eaa3497e4c3934698ff88050ceb9893f78f,UniFi/WETH,UniFi,18,0x9e78b8274e1d6a76a0dbbf90418894df27cbceb5,WETH,18,0xc02aaa39b223fe8d0a0e5c4f27ead9083c756cc2
SushiSwap LP Token,0x4a73d94683f2c9c2aaf32ccd5723f3e243d6a654,DATA/WETH,DATA,18,0x8f693ca8d21b157107184d29d398a8d082b38b76,WETH,18,0xc02aaa39b223fe8d0a0e5c4f27ead9083c756cc2
SushiSwap LP Token,0xe2e998f6f498cf9acdeda38de77ca95d1d8288f6,DOSE/WETH,DOSE,18,0xb31ef9e52d94d4120eb44fe1ddfde5b4654a6515,WETH,18,0xc02aaa39b223fe8d0a0e5c4f27ead9083c756cc2
UniswapV3 LP,0x79e42a2bb91a0f9118e2b5231958c1eaefce390c,IDLE/WETH,IDLE,18,0x875773784af8135ea0ef43b5a374aad105c5d39e,WETH,18,0xc02aaa39b223fe8d0a0e5c4f27ead9083c756cc2
Balancer Pool Token,0x70f1c87b22d7371c68e3ea64870833a2a64cf8b3,WETH/BAT,WETH,18,0xc02aaa39b223fe8d0a0e5c4f27ead9083c756cc2,BAT,18,0x0d8775f648430679a709e98d2b0cb6250d2887ef
Uniswap V2,0xbc00e708c407d7633f7504434e74c13e171de7f1,SATA/WETH,SATA,18,0x3ebb4a4e91ad83be51f8d596533818b246f4bee1,WETH,18,0xc02aaa39b223fe8d0a0e5c4f27ead9083c756cc2
SushiSwap LP Token,0x364248b2f1f57c5402d244b2d469a35b4c0e9dab,AKRO/WETH,AKRO,18,0x8ab7404063ec4dbcfd4598215992dc3f8ec853d7,WETH,18,0xc02aaa39b223fe8d0a0e5c4f27ead9083c756cc2
Uniswap V2,0x9e98deac1a416c9ce3c892bd8eef586f1291ca35,BEL/WETH,BEL,18,0xa91ac63d040deb1b7a5e4d4134ad23eb0ba07e14,WETH,18,0xc02aaa39b223fe8d0a0e5c4f27ead9083c756cc2
UniswapV3 LP,0xa704450357c156386726215ea521bec3f34b9651,GLQ/WETH,GLQ,18,0x9f9c8ec3534c3ce16f928381372bfbfbfb9f4d24,WETH,18,0xc02aaa39b223fe8d0a0e5c4f27ead9083c756cc2
UniswapV3 LP,0x24017386cc0af0555a6e5b0fe0443e145648612b,DOV/WETH,DOV,18,0xac3211a5025414af2866ff09c23fc18bc97e79b1,WETH,18,0xc02aaa39b223fe8d0a0e5c4f27ead9083c756cc2
Uniswap V2,0x1c9052e823b5f4611ef7d5fb4153995b040ccbf5,DXD/WETH,DXD,18,0xa1d65e8fb6e87b60feccbc582f7f97804b725521,WETH,18,0xc02aaa39b223fe8d0a0e5c4f27ead9083c756cc2
UniswapV3 LP,0xc2d80b4753f163a11d0c3bafdd25686f19f8940a,uJENNY/WETH,uJENNY,18,0xa499648fd0e80fd911972bbeb069e4c20e68bf22,WETH,18,0xc02aaa39b223fe8d0a0e5c4f27ead9083c756cc2
Uniswap V2,0x7d9c8d888d03df89461c645bd1108ae138b63a2a,GLQ/WETH,GLQ,18,0x9f9c8ec3534c3ce16f928381372bfbfbfb9f4d24,WETH,18,0xc02aaa39b223fe8d0a0e5c4f27ead9083c756cc2
SushiSwap LP Token,0x0aa1e808bba7cde5210d13d23ee726de37b8a8bb,MOONCAT/WETH,MOONCAT,18,0x98968f0747e0a261532cacc0be296375f5c08398,WETH,18,0xc02aaa39b223fe8d0a0e5c4f27ead9083c756cc2
UniswapV3 LP,0x3ee301ed8f42d106def4f9d9730ea3367880b771,ASH/WETH,ASH,18,0x64d91f12ece7362f91a6f8e7940cd55f05060b92,WETH,18,0xc02aaa39b223fe8d0a0e5c4f27ead9083c756cc2
UniswapV3 LP,0xe8b977aa5a9303fa94818441d78575e0f697ae72,WETH/UOS,WETH,18,0xc02aaa39b223fe8d0a0e5c4f27ead9083c756cc2,UOS,4,0xd13c7342e1ef687c5ad21b27c2b65d772cab5c8c
SushiSwap LP Token:JASMY/WETH,0xa8922c5c513280c247d6fbf232f5cbbcdd40f41f,JASMY/WETH,JASMY,18,0x7420b4b9a0110cdc71fb720908340c03f9bc03ec,WETH,18,0xc02aaa39b223fe8d0a0e5c4f27ead9083c756cc2
Uniswap V2,0x3bd2035d08363a8cfdab70a41b0faad3510492dc,KLEE/WETH,KLEE,9,0xa67e9f021b9d208f7e3365b2a155e3c55b27de71,WETH,18,0xc02aaa39b223fe8d0a0e5c4f27ead9083c756cc2
Uniswap V2,0xc12c4c3e0008b838f75189bfb39283467cf6e5b3,0xBTC/WETH,0xBTC,8,0xb6ed7644c69416d67b522e20bc294a9a9b405b31,WETH,18,0xc02aaa39b223fe8d0a0e5c4f27ead9083c756cc2
SushiSwap LP Token,0x53aabccae8c1713a6a150d9981d2ee867d0720e8,WETH/RARI,WETH,18,0xc02aaa39b223fe8d0a0e5c4f27ead9083c756cc2,RARI,18,0xfca59cd816ab1ead66534d82bc21e7515ce441cf
Uniswap V2,0xa0ce0b8fdbed2b63a28e4f2d23e075c7f16a8259,WETH/GFI,WETH,18,0xc02aaa39b223fe8d0a0e5c4f27ead9083c756cc2,GFI,18,0xdab396ccf3d84cf2d07c4454e10c8a6f5b008d2b
SushiSwap LP Token,0x92926b403cb81f5c4c16535cd44543994268fa6b,WETH/ORBS,WETH,18,0xc02aaa39b223fe8d0a0e5c4f27ead9083c756cc2,ORBS,18,0xff56cc6b1e6ded347aa0b7676c85ab0b3d08b0fa
Uniswap V2,0x51c1d5cdf10dda49219054920c22c8d4a23eed89,WETH/BEPRO,WETH,18,0xc02aaa39b223fe8d0a0e5c4f27ead9083c756cc2,BEPRO,18,0xcf3c8be2e2c42331da80ef210e9b1b307c03d36a
Uniswap V2,0x6147805e1011417b93e5d693424a62a70d09d0e5,WETH/aETHc,WETH,18,0xc02aaa39b223fe8d0a0e5c4f27ead9083c756cc2,aETHc,18,0xe95a203b1a91a908f9b9ce46459d101078c2c3cb
UniswapV3 LP,0xe3fe800b0de664bf0bca8ad58ecbc73b259047b0,POWR/WETH,POWR,6,0x595832f8fc6bf59c85c527fec3740a1b7a361269,WETH,18,0xc02aaa39b223fe8d0a0e5c4f27ead9083c756cc2
Balancer Pool Token,0x454c1d458f9082252750ba42d60fae0887868a3b,RPL/WETH,RPL,18,0xb4efd85c19999d84251304bda99e90b92300bd93,WETH,18,0xc02aaa39b223fe8d0a0e5c4f27ead9083c756cc2
UniswapV3 LP,0xfa97b8c6683f2da5faacab0e410acf0190e70ebd,MXC/WETH,MXC,18,0x5ca381bbfb58f0092df149bd3d243b08b9a8386e,WETH,18,0xc02aaa39b223fe8d0a0e5c4f27ead9083c756cc2
Uniswap V2,0x610382c1968aa065a662e34e5a258cc64048324f,DOV/WETH,DOV,18,0xac3211a5025414af2866ff09c23fc18bc97e79b1,WETH,18,0xc02aaa39b223fe8d0a0e5c4f27ead9083c756cc2
Uniswap V3:MOONCAT/WETH,0x47467c44a5d186b2ed8d3aea8c8c9f2c6ef050d8,MOONCAT/WETH,MOONCAT,18,0x98968f0747e0a261532cacc0be296375f5c08398,WETH,18,0xc02aaa39b223fe8d0a0e5c4f27ead9083c756cc2
Uniswap V2,0x59c1349bc6f28a427e78ddb6130ec669c2f39b48,BANK/WETH,BANK,18,0x2d94aa3e47d9d5024503ca8491fce9a2fb4da198,WETH,18,0xc02aaa39b223fe8d0a0e5c4f27ead9083c756cc2
UniswapV3 LP,0xfbba47b4c4ded47aa154a1b6dc06ec207166fc13,WETH/MFT,WETH,18,0xc02aaa39b223fe8d0a0e5c4f27ead9083c756cc2,MFT,18,0xdf2c7238198ad8b389666574f2d8bc411a4b7428
UniswapV3 LP,0x55f2a327d13d960e6aec345073f999bd00d4621c,ICHI/WETH,ICHI,9,0x903bef1736cddf2a537176cf3c64579c3867a881,WETH,18,0xc02aaa39b223fe8d0a0e5c4f27ead9083c756cc2
UniswapV3 LP,0xe3b7d20017c82641ddf5b204b2151781e8b3429e,0NE/WETH,0NE,18,0x73a83269b9bbafc427e76be0a2c1a1db2a26f4c2,WETH,18,0xc02aaa39b223fe8d0a0e5c4f27ead9083c756cc2
Uniswap V3:JASMY/WETH,0x4d1eff861316396dd1915f69b49f4c2d7b11590d,JASMY/WETH,JASMY,18,0x7420b4b9a0110cdc71fb720908340c03f9bc03ec,WETH,18,0xc02aaa39b223fe8d0a0e5c4f27ead9083c756cc2
UniswapV3 LP,0xc7f1498df3f2c1d5adc614a24ddbbee45c047480,STAKE/WETH,STAKE,18,0x0ae055097c6d159879521c384f1d2123d1f195e6,WETH,18,0xc02aaa39b223fe8d0a0e5c4f27ead9083c756cc2
UniswapV3 LP,0xce962bde59c01a493f94b21560e48d7191d3bf96,BOND/WETH,BOND,18,0x0391d2021f89dc339f60fff84546ea23e337750f,WETH,18,0xc02aaa39b223fe8d0a0e5c4f27ead9083c756cc2
YOSHI LP Token:WETH/USDT,0x8da7340c6104f8d27f6b136d1836a08e01d472d6,WETH/USDT,WETH,18,0xc02aaa39b223fe8d0a0e5c4f27ead9083c756cc2,USDT,6,0xdac17f958d2ee523a2206206994597c13d831ec7
Uniswap V2,0x8979a3ef9d540480342ac0f56e9d4c88807b1cba,REPv2/WETH,REPv2,18,0x221657776846890989a759ba2973e427dff5c9bb,WETH,18,0xc02aaa39b223fe8d0a0e5c4f27ead9083c756cc2
UniswapV3 LP,0xe2c5d82523e0e767b83d78e2bfc6fcd74d1432ef,WETH/TRIBE,WETH,18,0xc02aaa39b223fe8d0a0e5c4f27ead9083c756cc2,TRIBE,18,0xc7283b66eb1eb5fb86327f08e1b5816b0720212b
Uniswap V2,0x4d3138931437dcc356ca511ac812e14ba8199fd6,BONDLY/WETH,BONDLY,18,0x91dfbee3965baaee32784c2d546b7a0c62f268c9,WETH,18,0xc02aaa39b223fe8d0a0e5c4f27ead9083c756cc2
Uniswap V2,0x966ea83cf3170a309184bb742398c925249e407e,LPL/WETH,LPL,18,0x99295f1141d58a99e939f7be6bbe734916a875b8,WETH,18,0xc02aaa39b223fe8d0a0e5c4f27ead9083c756cc2
LuaSwap LP Token V1:USDC/WETH,0x3926a168c11a816e10c13977f75f488bfffe88e4,USDC/WETH,USDC,6,0xa0b86991c6218b36c1d19d4a2e9eb0ce3606eb48,WETH,18,0xc02aaa39b223fe8d0a0e5c4f27ead9083c756cc2
ShibaSwap LP Token,0xf15fd4dc6a1d3c0aa8bbab46db6400f53a49f737,LINK/WETH,LINK,18,0x514910771af9ca656af840dff83e8264ecf986ca,WETH,18,0xc02aaa39b223fe8d0a0e5c4f27ead9083c756cc2
SushiSwap LP Token,0x97f34c8e5992eb985c5f740e7ee8c7e48a1de76a,DOUGH/WETH,DOUGH,18,0xad32a8e6220741182940c5abf610bde99e737b2d,WETH,18,0xc02aaa39b223fe8d0a0e5c4f27ead9083c756cc2
FFFSwap LP:WETH/USDT,0x90ee58492d2092e7470c61c0d98b9f882bfaa0be,WETH/USDT,WETH,18,0xc02aaa39b223fe8d0a0e5c4f27ead9083c756cc2,USDT,6,0xdac17f958d2ee523a2206206994597c13d831ec7
Balancer Pool Token,0xa33a45749d4a4118ad119f7e6c1474ab568f5928,RPL/WETH,RPL,18,0xb4efd85c19999d84251304bda99e90b92300bd93,WETH,18,0xc02aaa39b223fe8d0a0e5c4f27ead9083c756cc2
UniswapV3 LP,0xff2bdf3044c601679dede16f5d4a460b35cebfee,POOL/WETH,POOL,18,0x0cec1a9154ff802e7934fc916ed7ca50bde6844e,WETH,18,0xc02aaa39b223fe8d0a0e5c4f27ead9083c756cc2
Uniswap V2,0xde68ad8502874a7d5dd1758f7b0a7831f142b78a,WETH/DIP,WETH,18,0xc02aaa39b223fe8d0a0e5c4f27ead9083c756cc2,DIP,18,0xc719d010b63e5bbf2c0551872cd5316ed26acd83
Uniswap V2,0x6e8abba440a58421f5eec9892b19c1a72c55c992,PPAY/WETH,PPAY,18,0x054d64b73d3d8a21af3d764efd76bcaa774f3bb2,WETH,18,0xc02aaa39b223fe8d0a0e5c4f27ead9083c756cc2
SushiSwap LP Token,0xe364992388319410c62eb4595d848c8ceb41172b,SPC/WETH,SPC,18,0x86ed939b500e121c0c5f493f399084db596dad20,WETH,18,0xc02aaa39b223fe8d0a0e5c4f27ead9083c756cc2
UniswapV3 LP,0xd966da62dec253128dbd16a4034de6e051e1d2d7,LPL/WETH,LPL,18,0x99295f1141d58a99e939f7be6bbe734916a875b8,WETH,18,0xc02aaa39b223fe8d0a0e5c4f27ead9083c756cc2
UniswapV3 LP,0xb1608e16609a7ff3ac5b0da49a0539bb0c3c3d9d,EWTB/WETH,EWTB,18,0x178c820f862b14f316509ec36b13123da19a6054,WETH,18,0xc02aaa39b223fe8d0a0e5c4f27ead9083c756cc2
Uniswap V2,0x3bf1b837ccc1f62114a3e74ced4fcfb121d7e52a,Coval/WETH,Coval,8,0x3d658390460295fb963f54dc0899cfb1c30776df,WETH,18,0xc02aaa39b223fe8d0a0e5c4f27ead9083c756cc2
SushiSwap LP Token,0xf52e78d8cc299aa43da5e2b27c7b27f5bda9095a,STND/WETH,STND,18,0x9040e237c3bf18347bb00957dc22167d0f2b999d,WETH,18,0xc02aaa39b223fe8d0a0e5c4f27ead9083c756cc2
YouSwap LP Token:WETH/USDT,0x504393f35e3cf04977845e183841d8e4ec0ef6b3,WETH/USDT,WETH,18,0xc02aaa39b223fe8d0a0e5c4f27ead9083c756cc2,USDT,6,0xdac17f958d2ee523a2206206994597c13d831ec7
SushiSwap LP Token,0x2f8ac927aa94293461c75406e90ec0ccfb2748d9,WETH/MLN,WETH,18,0xc02aaa39b223fe8d0a0e5c4f27ead9083c756cc2,MLN,18,0xec67005c4e498ec7f55e092bd1d35cbc47c91892
UniswapV3 LP,0xc8d73d01a52ed6e212475c404ef900f1c831913e,XTK/WETH,XTK,18,0x7f3edcdd180dbe4819bd98fee8929b5cedb3adeb,WETH,18,0xc02aaa39b223fe8d0a0e5c4f27ead9083c756cc2
Balancer Pool Token,0x4bcbc51fbabe5ed04b4cd93d361674fc3fb519b8,WETH/MAD,WETH,18,0xc02aaa39b223fe8d0a0e5c4f27ead9083c756cc2,MAD,18,0x5b09a0371c1da44a8e24d36bf5deb1141a84d875
Uniswap V2,0x87b01a1935cdd35588a2aff22ecba1a9ce7cebd2,POND/WETH,POND,18,0x57b946008913b82e4df85f501cbaed910e58d26c,WETH,18,0xc02aaa39b223fe8d0a0e5c4f27ead9083c756cc2
UniswapV3 LP,0x88977729330e55aa7111fec4967d8a561ac7c741,OCC/WETH,OCC,18,0x2f109021afe75b949429fe30523ee7c0d5b27207,WETH,18,0xc02aaa39b223fe8d0a0e5c4f27ead9083c756cc2
Uniswap V2,0x5201883feeb05822ce25c9af8ab41fc78ca73fa9,ANKR/WETH,ANKR,18,0x8290333cef9e6d528dd5618fb97a76f268f3edd4,WETH,18,0xc02aaa39b223fe8d0a0e5c4f27ead9083c756cc2
Uniswap V2,0xaef16913b6c50ebcf627a394921f306985fc8604,STORJ/WETH,STORJ,8,0xb64ef51c888972c908cfacf59b47c1afbc0ab8ac,WETH,18,0xc02aaa39b223fe8d0a0e5c4f27ead9083c756cc2
Uniswap V2,0x8cb77ea869def8f7fdeab9e4da6cf02897bbf076,AKRO/WETH,AKRO,18,0x8ab7404063ec4dbcfd4598215992dc3f8ec853d7,WETH,18,0xc02aaa39b223fe8d0a0e5c4f27ead9083c756cc2
Uniswap V2,0x974bfcc7b25f979950b58ce0cf8d9c621a9c771e,KONO/WETH,KONO,18,0x850aab69f0e0171a9a49db8be3e71351c8247df4,WETH,18,0xc02aaa39b223fe8d0a0e5c4f27ead9083c756cc2
Uniswap V2,0x2b6a25f7c54f43c71c743e627f5663232586c39f,JRT/WETH,JRT,18,0x8a9c67fee641579deba04928c4bc45f66e26343a,WETH,18,0xc02aaa39b223fe8d0a0e5c4f27ead9083c756cc2
WSwap:WETH/USDT,0xa029a744b4e44e22f68a1bb9a848caafbf6bb233,WETH/USDT,WETH,18,0xc02aaa39b223fe8d0a0e5c4f27ead9083c756cc2,USDT,6,0xdac17f958d2ee523a2206206994597c13d831ec7
SushiSwap LP Token,0x613c836df6695c10f0f4900528b6931441ac5d5a,BOND/WETH,BOND,18,0x0391d2021f89dc339f60fff84546ea23e337750f,WETH,18,0xc02aaa39b223fe8d0a0e5c4f27ead9083c756cc2
UniswapV3 LP,0xd94fdb60194fefa7ef8b416f8ba99278ab3e00dc,DINU/WETH,DINU,18,0xbb1ee07d6c7baeb702949904080eb61f5d5e7732,WETH,18,0xc02aaa39b223fe8d0a0e5c4f27ead9083c756cc2
